id	地点	时间	标题-内容	来源
1	Global	1970-01	/r/dividends/comments/1mlhvni/thinking_of_opening_a_position_in_rio_tinto/-Unknown	Reddit
2	Global	1970-01	/r/queensland/comments/1nuu5wu/rio_tinto_announce_early_closure_of_gladstone/-Unknown	Reddit
3	Global	1970-01	/r/mining/comments/1n0zsos/rio_tinto/-Unknown	Reddit
4	Global	1970-01	/r/AusMining/comments/1ldwgyk/rio_tinto_employment_process/-Unknown	Reddit
5	Global	1970-01	/r/Aktien/comments/1ne52uc/rio_tinto_einstiegszeitpunkt/-Unknown	Reddit
6	Global	1970-01	/r/mining/comments/1n8gj7k/anyone_know_what_the_band_l_salary_is_at_rio/-Unknown	Reddit
7	Global	1970-01	/r/behindthebastards/comments/1gff24u/fuck_rio_tinto/-Unknown	Reddit
8	Global	1970-01	/r/wallstreetbetsGER/comments/1ng93ll/rio_tinto_immer_trendwende_ende_des_jahre/-Unknown	Reddit
9	Global	1970-01	/r/wallstreetbetsGER/comments/1mmc9f4/rio_tinto/-Unknown	Reddit
10	Global	1970-01	/r/britishcolumbia/comments/1mrzk8e/rio_tinto_says_equipment_fault_caused_emissions/-Unknown	Reddit
11	Global	1970-01	/r/worldnews/comments/grttyg/rio_tinto_legally_destroy_native_australian/-Unknown	Reddit
12	Global	1970-01	/r/worldnews/comments/gqymm1/rio_tinto_blasts_46000_year_old_aboriginal_site/-Unknown	Reddit
13	Global	1970-01	/r/news/comments/kxlj5d/native_americans_say_us_does_not_own_land_it_is/-Unknown	Reddit
14	Global	1970-01	/r/photoshopbattles/comments/n7ipi1/psbattle_the_rio_tinto_river/-Unknown	Reddit
15	Global	1970-01	/r/europe/comments/r1rm4e/massive_protests_in_serbia_against_rio_tinto_last/-Unknown	Reddit
16	Global	1970-01	/r/Futurology/comments/3p7qg6/driverless_trucks_move_iron_ore_at_automated_rio/-Unknown	Reddit
17	Global	1970-01	/r/Futurology/comments/fxqijc/rio_tinto_says_pandemic_no_excuse_to_delay/-Unknown	Reddit
18	Global	1970-01	/r/news/comments/ifh4at/rio_tinto_ceo_stripped_of_49m_in_bonuses_over/-Unknown	Reddit
19	Global	1970-01	/r/serbia/comments/1edq87a/da_li_ovo_znači_da_delije_podržavaju_rio_tinto/-Unknown	Reddit
20	Global	1970-01	/r/wikipedia/comments/1csj9qu/juukan_gorge_is_a_gorge_in_western_australia_it/-Unknown	Reddit
21	Global	1970-01	/r/natureismetal/comments/np0coq/the_rio_tinto_in_spain_is_known_as_the_red_river/-Unknown	Reddit
22	Global	1970-01	/r/AusMining/comments/1hbs2pq/former_female_employees_detail_alleged_sexual/-Unknown	Reddit
23	Global	1970-01	/r/todayilearned/comments/1cuqods/til_of_the_juukan_gorge_in_western_australia_it/-Unknown	Reddit
24	Global	1970-01	/r/ArtefactPorn/comments/15mzaa2/a_hydropowered_scoopwheel_used_by_the_ancient/-Unknown	Reddit
25	Global	1970-01	/r/NatureIsFuckingLit/comments/n3jpr0/rio_tinto_river_known_as_the_red_river/-Unknown	Reddit
26	Global	1970-01	/r/worldnews/comments/ifhg9v/rio_tinto_strips_its_ceo_us35_million_in/-Unknown	Reddit
27	Global	1970-01	/r/perth/comments/1mjs4ol/rio_tinto_moves_to_slash_sick_leave_from_45_to_12/-Unknown	Reddit
28	Global	1970-01	/r/worldnews/comments/o7qyn7/rio_tinto_allegedly_threw_ancient_aboriginal/-Unknown	Reddit
29	Global	1970-01	/r/interestingasfuck/comments/n0xi1r/the_rio_tinto_river_known_as_the_red_river/-Unknown	Reddit
30	Global	1970-01	/r/perth/comments/1hbq5gr/former_female_employees_detail_alleged_sexual/-Unknown	Reddit
31	Global	1970-01	/r/australia/comments/1hbl2xx/former_female_employees_detail_alleged_sexual/-Unknown	Reddit
32	Global	1970-01	/r/australian/comments/1gvll5t/rio_tinto_employees_not_happy_about_gender/-Unknown	Reddit
33	Global	1970-01	/r/australia/comments/1bvajnb/rio_tinto_introduces_policy_banning_the_use_of/-Unknown	Reddit
34	Global	1970-01	/r/serbia/comments/1jyutsb/nova_ministarka_za_rio_tinto/-Unknown	Reddit
35	Global	1970-01	/r/worldnews/comments/imz48o/rio_tinto_hired_lawyers_3_days_before_blasting_of/-Unknown	Reddit
36	Global	1970-01	/r/worldnews/comments/ka5ygl/aboriginal_landowners_have_called_for_a_reset_in/-Unknown	Reddit
37	Global	1970-01	/r/australia/comments/gsnpuj/rio_tinto_blasting_of_46000yearold_aboriginal/-Unknown	Reddit
38	Global	1970-01	/r/mining/comments/1hbnue0/former_female_employees_detail_alleged_sexual/-Unknown	Reddit
39	Global	1970-01	/r/canada/comments/1lq72ko/rio_tintobacked_aluminum_firm_to_invest_11/-Unknown	Reddit
40	Global	1970-01	/r/serbia/comments/1ektyii/povodom_govora_mržnje_ka_lgbt_osobama_izgovorenog/-Unknown	Reddit
41	Global	1970-01	/r/serbia/comments/1l32ozs/jadar_kompanije_rio_tinto_na_listi_projekata/-Unknown	Reddit
42	Global	1970-01	/r/serbia/comments/1jo1ler/7_razloga_zašto_rio_tinto_ne_treba_da_kopa/-Unknown	Reddit
43	Global	1970-01	/r/perth/comments/pnzgje/crown_casino_rio_tinto_and_a_whole_bunch_of/-Unknown	Reddit
44	Global	1970-01	/r/australia/comments/1nuu5sp/rio_tintos_gladstone_coalfired_power_station_to/-Unknown	Reddit
45	Global	1970-01	/r/serbia/comments/1lwkzak/rio_tinto_je_dobio_odobrenje_za_izgradnju/-Unknown	Reddit
46	Global	1970-01	/r/serbia/comments/1eeucj4/zašto_srpska_pravoslavna_crkva_ćuti_na_kopanje/-Unknown	Reddit
47	Global	1970-01	/r/serbia/comments/1eqn8zu/tanjug_prekinuo_live_prenos_kad_je_krenulo_rio/-Unknown	Reddit
48	Global	1970-01	/r/perth/comments/14carw6/rio_tinto_train_partially_derailed/-Unknown	Reddit
49	Global	1970-01	/r/Suomi/comments/1o154ms/maailman_toiseksi_suurin_kaivosyhtiö_rio_tinto/-Unknown	Reddit
50	Global	1970-01	/r/JusticeServed/comments/w7aqbz/mining_companies_in_australia_like_glencore_and/-Unknown	Reddit
51	Global	1970-01	/r/australia/comments/1lj3zjt/rio_tinto_hancock_given_approval_for_25b_pilbara/-Unknown	Reddit
52	Global	1970-01	/r/CoronavirusDownunder/comments/s9n54r/this_is_an_end_serbia_revokes_rio_tintos_lithium/-Unknown	Reddit
53	Global	1970-01	/r/australia/comments/1hc3o9a/bhp_and_rio_tinto_called_out_for_using_ndas_to/-Unknown	Reddit
54	Global	1970-01	/r/ABoringDystopia/comments/16qy22j/mining_giant_rio_tinto_damages_another_sacred/-Unknown	Reddit
55	Global	1970-01	/r/australia/comments/hrkvbs/indigenous_group_apologise_after_accidentally/-Unknown	Reddit
56	Global	1970-01	/r/perth/comments/1im1umg/rio_tinto_building_sign_is_half_off/-Unknown	Reddit
57	Global	1970-01	/r/canada/comments/1ls88nn/ottawa_in_talks_with_rio_tinto_about_financial/-Unknown	Reddit
58	Global	1970-01	/r/wallstreetbets/comments/1g5c4ap/energy_fuels_uuuu_the_next_rio_tinto_rio/-Unknown	Reddit
59	Global	1970-01	/r/worldnews/comments/iwxw22/rio_tinto_expected_to_destroy_124_more_australian/-Unknown	Reddit
60	Global	1970-01	/r/serbia/comments/1ec4l9t/vecerasnja_parola_navijaca_radnickog_iz/-Unknown	Reddit
61	Global	1970-01	/r/friendlyjordies/comments/162omy7/climate_collapse_brought_to_you_by_neoliberalism/-Unknown	Reddit
62	Global	1970-01	/r/newzealand/comments/hnoloq/rio_tinto_announces_plans_to_close_new_zealand/-Unknown	Reddit
63	Global	1970-01	/r/OutOfTheLoop/comments/rpraix/whats_the_deal_with_rio_tinto_and_the_oyut_tolgoi/-Unknown	Reddit
64	Global	1970-01	/r/srbija/comments/1hhufne/a_posle_nas_pogledajte_ulice_sramota_koliko_god/-Unknown	Reddit
65	Global	1970-01	/r/mongolia/comments/1miwosn/rio_tinto_vs_nyambaatar/-Unknown	Reddit
66	Global	1970-01	/r/canada/comments/1ilx0vl/kitimats_rio_tinto_alcan_smelter_to_feel_trumps/-Unknown	Reddit
67	Global	1970-01	/r/serbia/comments/1itufrk/rio_tinto_full_dokumentarac_komentari_isključeni/-Unknown	Reddit
68	Global	1970-01	/r/serbia/comments/1dh3wio/serbia_set_to_give_green_light_to_rio_tinto/-Unknown	Reddit
69	Global	1970-01	/r/perth/comments/d683d7/individual_action_like_taking_shorter_showers/-Unknown	Reddit
70	Global	1970-01	/r/news/comments/10qcatm/mining_giant_rio_tinto_apologizes_for_sparking/-Unknown	Reddit
71	Global	1970-01	/r/serbia/comments/1hmlywk/rio_tinto_otvara_drugi_rudnik_u_srbiji_kopaće_u/-Unknown	Reddit
72	Global	1970-01	/r/serbia/comments/1jmtmer/rio_tinto_tvrdnje_o_neokolonijalnom_odnosu_eu/-Unknown	Reddit
73	Global	1970-01	/r/perth/comments/16zb7jv/til_blackrock_an_american_investment_fund_is_the/-Unknown	Reddit
74	Global	1970-01	/r/conspiracy/comments/1eq0rfi/a_massive_protest_in_belgrade_serbia_against_the/-Unknown	Reddit
75	Global	1970-01	/r/perth/comments/16o1x4y/activists_set_sights_on_woodside_and_rio_tinto/-Unknown	Reddit
76	Global	1970-01	/r/Quebec/comments/1khqfmd/rio_tinto_extrait_du_gallium_avec_succès_pour_la/-Unknown	Reddit
77	Global	1970-01	/r/anime_titties/comments/1evr66f/bad_blood_stalks_a_lithium_mine_in_serbia_a_rio/-Unknown	Reddit
78	Global	1970-01	/r/AusFinance/comments/1evp3d6/plunging_iron_ore_price_wipes_us100_billion_off/-Unknown	Reddit
79	Global	1970-01	/r/AusMemes/comments/10qoeng/rio_tinto_board_meeting/-Unknown	Reddit
80	Global	1970-01	/r/EhBuddyHoser/comments/1lrwts0/if_we_all_pitch_in_we_can_help_rio_tinto_get/-Unknown	Reddit
81	Global	1970-01	/r/mining/comments/1nvekb0/aus_fifo_and_frequent_flyer_points_rio_tinto/-Unknown	Reddit
82	Global	1970-01	/r/environment/comments/iqkmxw/rio_tinto_ceo_resigns_after_destruction_of/-Unknown	Reddit
83	Global	1970-01	/r/bih/comments/1k6x0if/rio_tinto_u_bosni/-Unknown	Reddit
84	Global	1970-01	/r/serbia/comments/1endcps/navijači_partizana_skandiraju_rio_tinto_marš_iz/-Unknown	Reddit
85	Global	1970-01	/r/wallstreetbets/comments/l8hmho/palantir_technologies_and_rio_tinto_sign/-Unknown	Reddit
86	Global	1970-01	/r/serbia/comments/1dey2ap/rio_tinto_objavio_nacrte_studija_o_uticaju/-Unknown	Reddit
87	Global	1970-01	/r/queensland/comments/1hbn4cw/former_female_employees_detail_alleged_sexual/-Unknown	Reddit
88	Global	1970-01	/r/serbia/comments/q4jftl/rio_tinto_blizi_nam_se_referendum/-Unknown	Reddit
89	Global	1970-01	/r/serbia/comments/123sf5f/rio_tinto_i_serija_južni_vetar/-Unknown	Reddit
90	Global	1970-01	/r/Economics/comments/1nni3x/paid_like_surgeons_240k_a_year_rio_tinto_train/-Unknown	Reddit
91	Global	1970-01	/r/serbia/comments/r9mxt1/podrška_srbiji_iz_hrvatske_vezano_za_rio_tinto/-Unknown	Reddit
92	Global	1970-01	/r/QuebecLibre/comments/1i0ax64/poilievre_veut_donner_un_congé_de_taxes_et/-Unknown	Reddit
93	Global	1970-01	/r/AskGermany/comments/1ne852b/how_can_overseas_companies_like_rio_tinto/-Unknown	Reddit
94	Global	1970-01	/r/serbia/comments/1hfserx/rio_tinto_organizuje_koktel_sutra_u_hotelu_hilton/-Unknown	Reddit
95	Global	1970-01	/r/AustinFC/comments/p4jxfr/match_thread_real_salt_lake_vs_austin_fc_rio/-Unknown	Reddit
96	Global	1970-01	/r/serbia/comments/11mo2n9/siniša_kovačević_ako_pristajemo_na/-Unknown	Reddit
97	Global	1970-01	/r/serbia/comments/1drx6yt/ostavljena_suza_ispred_prostorija_rio_tinto/-Unknown	Reddit
98	Global	1970-01	/r/minnesotaunited/comments/no0v4z/match_thread_real_salt_lake_v_mnufc_rio_tinto/-Unknown	Reddit
99	Global	1970-01	/r/news/comments/iqgj2c/rio_tintos_ceo_and_two_other_top_officers/-Unknown	Reddit
100	Global	1970-01	/r/PORTUGALCARALHO/comments/1fdsakr/receita_de_francesinha_à_rio_tinto/-Unknown	Reddit
101	Global	1970-01	/r/Quebec/comments/1kp2uvj/rio_tinto_to_invest_up_to_12_billion_in_quebec/-Unknown	Reddit
102	Global	1970-01	/r/RVSN/comments/1jov4pj/rvsn_20f_breakdown_israel_railways_rio_tinto_and/-Unknown	Reddit
103	Global	1970-01	/r/environment/comments/igc1fy/major_investment_firm_dumps_exxon_chevron_and_rio/-Unknown	Reddit
104	Global	1970-01	/r/mining/comments/1ja5mqq/aboard_a_royal_flying_doctor_plane_leaving_rio/-Unknown	Reddit
105	Global	1970-01	/r/serbia/comments/1jnhpax/rio_tinto_područje_projekta_jadar_nije_i_ne_može/-Unknown	Reddit
106	Global	1970-01	/r/mongolia/comments/1n7bd08/why_not_make_the_oyu_tolgoi_and_rio_tinto/-Unknown	Reddit
107	Global	1970-01	/r/Aktien/comments/1lefkf2/guter_einstiegspunkt_riotinto/-Unknown	Reddit
108	Global	1970-01	/r/AskSerbia/comments/1ej6caw/spisak_javnih_ličnosti_koji_podržavaju_rio_tinto/-Unknown	Reddit
109	Global	1970-01	/r/australian/comments/1jasoys/rio_tintos_solar_power_and_battery_purchase_for/-Unknown	Reddit
110	Global	1970-01	/r/serbia/comments/1eeu1ah/patriotizam_na_delu_rio_tinto_marš_iz_srbije/-Unknown	Reddit
111	Global	1970-01	/r/serbia/comments/1erlvq3/rio_tinto_propaganda/-Unknown	Reddit
112	Global	1970-01	/r/mining/comments/1fe3rii/rio_tinto/-Unknown	Reddit
113	Global	1970-01	/r/canada/comments/1luz9mp/joly_misspoke_in_suggesting_rio_tinto_facing/-Unknown	Reddit
114	Global	1970-01	/r/serbia/comments/1iimost/propagandni_rio_tinto_dokumentarac_prikazan_ep/-Unknown	Reddit
115	Global	1970-01	/r/energy/comments/1nuyn1b/rio_tinto_flags_early_closure_of_queenslands/-Unknown	Reddit
116	Global	1970-01	/r/wallstreetbets/comments/lkngg9/former_pltr_engineer_dd_part_2_usability/-Unknown	Reddit
117	Global	1970-01	/r/serbia/comments/1jkbdv2/rio_tinto_potvrdio_da_je_prijavio_projekat_jadar/-Unknown	Reddit
118	Global	1970-01	/r/australia/comments/16ou4kz/rio_tinto_blast_damages_ancient_rock_shelter_near/-Unknown	Reddit
119	Global	1970-01	/r/MLS/comments/qm84j7/rio_tinto_stadium_pitch_tribute_to_kyle_beckerman/-Unknown	Reddit
120	Global	1970-01	/r/australia/comments/1g4p6ly/mining_giant_rio_tinto_breaks_ranks_to_back/-Unknown	Reddit
121	Global	1970-01	/r/australia/comments/10onhzd/rio_tinto_launches_investigation_into_missing/-Unknown	Reddit
122	Global	1970-01	/r/mining/comments/17mfr4z/is_it_just_me_or_are_rio_tinto_prestarts_the/-Unknown	Reddit
123	Global	1970-01	/r/mining/comments/1mm9u4a/graduate_geomining_engineer_pay_at_rio/-Unknown	Reddit
124	Global	1970-01	/r/serbia/comments/1mgksqp/nešto_čitam_po_redditu_i_naiđem_na_ovo_čisto_da/-Unknown	Reddit
125	Global	1970-01	/r/MLS/comments/31rd73/rio_tinto_stadium_to_install_solar_panels_at_that/-Unknown	Reddit
126	Global	1970-01	/r/australia/comments/iwv3b0/rio_tinto_expected_to_destroy_124_more_aboriginal/-Unknown	Reddit
127	Global	1970-01	/r/porto/comments/1lcsd47/indicações_em_ermesinde_rio_tinto_e_gondomar/-Unknown	Reddit
128	Global	1970-01	/r/porto/comments/1idvu1c/viver_no_rio_tinto/-Unknown	Reddit
129	Global	1970-01	/r/Quebec/comments/1c5fxqx/rio_tinto_cumule_les_subventions_même_si_elle/-Unknown	Reddit
130	Global	1970-01	/r/europe/comments/ss9vtv/serbia_after_forcing_government_to_scrap_rio/-Unknown	Reddit
131	Global	1970-01	/r/MLS/comments/cj0jqr/jessica_mcdonald_to_the_security_guard_at_rio/-Unknown	Reddit
132	Global	1970-01	/r/highdesert/comments/1nt0zbi/which_one_is_more_well_known_the_edwards_air/-Unknown	Reddit
133	Global	1970-01	/r/AusMining/comments/1n7d75u/rio_tinto_onboarding/-Unknown	Reddit
134	Global	1970-01	/r/porto/comments/1nlhuzs/preciso_de_malta_para_jogar_futsal_rio_tinto/-Unknown	Reddit
135	Global	1970-01	/r/australia/comments/gzzs2c/reconciliation_australia_ends_partnership_with/-Unknown	Reddit
136	Global	1970-01	/r/serbia/comments/1igwjy0/međunarodni_protest_u_briselu_povodom_ep_debate_i/-Unknown	Reddit
137	Global	1970-01	/r/porto/comments/1iqzi7i/estereótipo_com_rio_tinto_e_arredores/-Unknown	Reddit
138	Global	1970-01	/r/argentina/comments/1hckd22/rigi_la_empresa_rio_tinto_invertirá_us2500/-Unknown	Reddit
139	Global	1970-01	/r/serbia/comments/1ejrpjd/ko_je_ovaj_zli_čovek_koji_radi_za_rio_tinto/-Unknown	Reddit
140	Global	1970-01	/r/PersonalFinanceNZ/comments/1lqks7o/investing_in_rio_tinto_worth_it/-Unknown	Reddit
141	Global	1970-01	/r/AustraliaLeftPolitics/comments/1o1wjo7/rio_tintos_oyu_tolgoi_mine_a_wakeup_call_for/-Unknown	Reddit
142	Global	1970-01	/r/MLS/comments/o3511j/vancouver_whitecaps_fc_for_everyone_coming_to_the/-Unknown	Reddit
143	Global	1970-01	/r/porto/comments/1iy6sjz/post_intersolidário_dos_desgraçados_que_passaram/-Unknown	Reddit
144	Global	1970-01	/r/finansije/comments/19cu130/zasto_rio_tinto_želi_da_kopa_litijum/-Unknown	Reddit
145	Global	1970-01	/r/serbia/comments/1fjdbbq/debata_o_iskopavanju_jadaritario_tinto/-Unknown	Reddit
146	Global	1970-01	/r/jobboardsearch/comments/1o4hhzr/hiring_a_maintenance_scheduler_at_rio_tinto_in/-Unknown	Reddit
147	Global	1970-01	/r/jobboardsearch/comments/1o4hhr8/hiring_a_maintenance_scheduler_at_rio_tinto_in/-Unknown	Reddit
148	Global	1970-01	/r/jobboardsearch/comments/1o4hhj9/hiring_a_maintenance_scheduler_at_rio_tinto_in/-Unknown	Reddit
149	Global	1970-01	/r/jobboardsearch/comments/1o4hhfe/rio_tinto_is_hiring_a_gpo_process_lead_2years/-Unknown	Reddit
150	Global	1970-01	/r/jobboardsearch/comments/1o4hhc5/hiring_a_maintenance_scheduler_at_rio_tinto_in/-Unknown	Reddit
151	Global	1970-01	/r/jobboardsearch/comments/1o4hgw1/hiring_a_maintenance_scheduler_at_rio_tinto_in/-Unknown	Reddit
152	Global	1970-01	/r/nottheonion/comments/iwvh4z/rio_tinto_expected_to_destroy_124_more_aboriginal/-Unknown	Reddit
153	Global	1970-01	/r/PennyCatalysts/comments/1o368w5/tigcf_tig_the_conversation_touches_on_triumph/-Unknown	Reddit
154	Global	1970-01	/r/mining/comments/1lw4050/grad_mining_engineer_re_advertised_by_rio_tinto/-Unknown	Reddit
155	Global	1970-01	/r/UraniumSqueeze/comments/1g5c5pb/energy_fuels_uuuu_the_next_rio_tinto/-Unknown	Reddit
156	Global	1970-01	/r/stockstobuytoday/comments/1o0kqmd/tigcf_tig_the_conversation_touches_on_triumph/-Unknown	Reddit
157	Global	1970-01	/r/PreciousMetalsNews/comments/1nzib37/exxon_chevron_rio_tinto_back_lithium_extraction/-Unknown	Reddit
158	Global	1970-01	/r/serbia/comments/11amuka/rio_tinto_kupio_zemljište_za_12_miliona_evra/-Unknown	Reddit
159	Global	1970-01	/r/mining/comments/1llgqpu/grad_mech_engg_interview_with_rio_tinto_help/-Unknown	Reddit
160	Global	1970-01	/r/NIOCORP_MINE/comments/1nodfme/niocorpchina_rare_earths_issue_remains_unresolved/-Unknown	Reddit
161	Global	1970-01	/r/serbia/comments/1eqnsso/na_dočeku_olimpijaca_se_orilo_rio_tinto_marš_iz/-Unknown	Reddit
162	Global	1970-01	/r/australia/comments/1jasox5/rio_tintos_solar_power_and_battery_purchase_for/-Unknown	Reddit
163	Global	1970-01	/r/stockstobuytoday/comments/1nx4s8e/tigcf_tig_the_conversation_touches_on_triumph/-Unknown	Reddit
164	Global	1970-01	/r/AFL/comments/h7hhjj/there_needs_to_be_a_higher_standard_daniher/-Unknown	Reddit
165	Global	1970-01	/r/news/comments/kr0tze/rio_tinto_copper_mine_threatens_apache_sacred/-Unknown	Reddit
166	Global	1970-01	/r/ABCaus/comments/1nuu3p7/rio_tinto_announces_early_closure_of_gladstone/-Unknown	Reddit
167	Global	1970-01	/r/Pennystocksv2/comments/1nvewkn/tigcf_tig_the_conversation_touches_on_triumph/-Unknown	Reddit
168	Global	1970-01	/r/wallstreetbets/comments/1fzl6on/mining_giant_rio_tinto_to_acquire_arcadium/-Unknown	Reddit
169	Global	1970-01	/r/NIOCORP_MINE/comments/1nnooyb/niocorphuge_as_elk_creek_is_mentioned_us_agency/-Unknown	Reddit
170	Global	1970-01	/r/serbia/comments/1k6xaqs/rio_tinto_u_bosni/-Unknown	Reddit
171	Global	1970-01	/r/serbia/comments/1ik2l5s/rio_tinto_vs_zidjin/-Unknown	Reddit
172	Global	1970-01	/r/jobboardsearch/comments/1np2kot/rio_tinto_is_hiring_a_principal_advisor_tactical/-Unknown	Reddit
173	Global	1970-01	/r/financialworldand/comments/1nojqxh/us_buys_scandium_oxide_from_rio_tinto/-Unknown	Reddit
174	Global	1970-01	/r/jobboardsearch/comments/1no4xck/rio_tinto_is_hiring_a_principal_adviser_business/-Unknown	Reddit
175	Global	1970-01	/r/serbia/comments/1ifi85i/rio_tinto_nastavlja_agresivnu_kampanju/-Unknown	Reddit
176	Global	1970-01	/r/porto/comments/1n2csqg/bairro_da_ponte_rio_tinto/-Unknown	Reddit
177	Global	1970-01	/r/jobboardsearch/comments/1nn7pur/rio_tinto_is_hiring_a_electrical_engineer_high/-Unknown	Reddit
178	Global	1970-01	/r/perth/comments/1m4m54v/rio_tinto_assessment_centre_advice/-Unknown	Reddit
179	Global	1970-01	/r/jobboardsearch/comments/1nmcjyu/rio_tinto_is_hiring_a_electrical_engineer_high/-Unknown	Reddit
180	Global	1970-01	/r/jobboardsearch/comments/1nmcfaz/rio_tinto_is_hiring_a_electrical_engineer_high/-Unknown	Reddit
181	Global	1970-01	/r/jobboardsearch/comments/1nmcf0y/rio_tinto_is_hiring_a_electrical_engineer_high/-Unknown	Reddit
182	Global	1970-01	/r/AusMining/comments/1n8yjc2/band_l_at_rio_tinto/-Unknown	Reddit
183	Global	1970-01	/r/apple/comments/e6iktd/apple_buys_firstever_carbonfree_aluminum_from/-Unknown	Reddit
184	Global	1970-01	/r/portugal2/comments/1nitbru/homicídio_71_tio_do_homicida_de_josué_boxista/-Unknown	Reddit
185	Global	1970-01	/r/perth/comments/1ezbcti/rio_tinto_redundancies/-Unknown	Reddit
186	Global	1970-01	/r/porto/comments/1jirnwt/solinca_rio_tinto_comparado_aos_restantes/-Unknown	Reddit
187	Global	1970-01	/r/atualidadeportugal/comments/1nj9ocv/famalicão_equipa_feminina_joga_sábado_em_rio_tinto/-Unknown	Reddit
188	Global	1970-01	/r/cidadehoje/comments/1nj9odi/famalicão_equipa_feminina_joga_sábado_em_rio_tinto/-Unknown	Reddit
189	Global	1970-01	/r/u_cidadehoje/comments/1nj9nyz/famalicão_equipa_feminina_joga_sábado_em_rio_tinto/-Unknown	Reddit
190	Global	1970-01	/r/serbia/comments/1kwk9vo/rio_tinto_lobirao_u_berlinu_pre_potpisivanja/-Unknown	Reddit
191	Global	1970-01	/r/porto/comments/1jdbb6o/segurança_em_levada_rio_tinto/-Unknown	Reddit
192	Global	1970-01	/r/MarchAgainstNazis/comments/1muxtwm/theyre_just_going_to_give_the_peoples_copper_to/-Unknown	Reddit
193	Global	1970-01	/r/australia/comments/gzdmyq/rio_tinto_stripped_of_licence_after_mistakenly/-Unknown	Reddit
194	Global	1970-01	/r/CanadaPolitics/comments/1lrzinu/ottawa_talking_to_rio_tinto_about_liquidity_help/-Unknown	Reddit
195	Global	1970-01	/r/television/comments/1o2duee/matlock_actor_david_del_rio_fired_over_alleged/-Unknown	Reddit
196	Global	1970-01	/r/BlueArchive/comments/1k3ok7o/i_didnt_know_rio_could_be_this_flexible/-Unknown	Reddit
197	Global	1970-01	/r/dccomicscirclejerk/comments/18wcdbk/oh_thats_the_actual_va_of_rio_morales_posting_this/-Unknown	Reddit
198	Global	1970-01	/r/LAinfluencersnark/comments/1nq1lpx/rio_amor/-Unknown	Reddit
199	Global	1970-01	/r/BlueArchive/comments/1kwp8e3/rio_tailored_a_power_suit_for_sensei_twitter/-Unknown	Reddit
200	Global	1970-01	/r/BlueArchive/comments/1mae8q5/rio_was_living_like_this_on_her_hideout/-Unknown	Reddit
201	Global	1970-01	/r/BlueArchive/comments/1bjzmqf/why_do_people_prefer_rio_over_hasumi/-Unknown	Reddit
202	Global	1970-01	/r/thepassportbros/comments/1i48vei/rio_de_janeiro_is_not_for_the_faint_of_heart/-Unknown	Reddit
203	Global	1970-01	/r/CuratedTumblr/comments/1ntw553/a_cascarla_al_rio/-Unknown	Reddit
204	Global	1970-01	/r/marvelstudios/comments/1niokze/what_do_you_think_of_the_mcu_version_of_lady/-Unknown	Reddit
205	Global	1970-01	/r/BeAmazed/comments/1o22hy5/rescuers_in_brazil_pulled_an_injured_jaguar_from/-Unknown	Reddit
206	Global	1970-01	/r/popculturechat/comments/1o38cu5/wife_of_david_del_rio_actor_fired_from_matlock/-Unknown	Reddit
207	Global	1970-01	/r/soccer/comments/1m75pdr/sir_alex_ferguson_interrupts_rio_carricks_podcast/-Unknown	Reddit
208	Global	1970-01	/r/AskTheWorld/comments/1ndpbb3/why_do_foreigners_romanticize_rio_de_janeiro_so/-Unknown	Reddit
209	Global	1970-01	/r/nextfuckinglevel/comments/1ckjcgn/madonna_performs_for_over_2_million_people_at/-Unknown	Reddit
210	Global	1970-01	/r/soccer/comments/1ksa55n/rio_ferdinand_and_gareth_bale_live_reaction_to/-Unknown	Reddit
211	Global	1970-01	/r/OldPhotosInRealLife/comments/15es6d2/rio_de_janeiros_reforestation/-Unknown	Reddit
212	Global	1970-01	/r/interestingasfuck/comments/13rmtuo/a_landscape_in_rio_de_janerio_brazil/-Unknown	Reddit
213	Global	1970-01	/r/Damnthatsinteresting/comments/1kef16f/lady_gaga_performing_for_21_million_people_at/-Unknown	Reddit
214	Global	1970-01	/r/PoliticalCompassMemes/comments/1h5n957/rio_grande_valley_tx_which_is_90_mexican_and/-Unknown	Reddit
215	Global	1970-01	/r/facepalm/comments/1c3igxb/these_very_white_neonazis_arrested_in_rio_de/-Unknown	Reddit
216	Global	1970-01	/r/interestingasfuck/comments/10zjr0n/lightning_that_struck_the_christ_the_redeemer_in/-Unknown	Reddit
217	Global	1970-01	/r/Albuquerque/comments/1l46pu7/ice_at_it_again_today_walmart_rio_rancho/-Unknown	Reddit
218	Global	1970-01	/r/marvelstudios/comments/1i0bssq/if_hela_is_the_goddess_of_death_and_rio_is_lady/-Unknown	Reddit
219	Global	1970-01	/r/Amazing/comments/1j989qo/11_foot_sneaker_wave_that_hit_in_rio_de_janeiro/-Unknown	Reddit
220	Global	1970-01	/r/todayilearned/comments/1noggfu/til_that_rio_de_janeiro_in_brazil_was_the_capital/-Unknown	Reddit
221	Global	1970-01	/r/texas/comments/1gzyzxi/mexico_tariffs_will_decimate_the_rio_grande/-Unknown	Reddit
222	Global	1970-01	/r/soccer/comments/1kxef3p/rio_ferdinand_announces_he_will_leave_tnt_sports/-Unknown	Reddit
223	Global	1970-01	/r/nextfuckinglevel/comments/1keasgr/2_million_lady_gaga_fans_in_rio_de_janeiro_brazil/-Unknown	Reddit
224	Global	1970-01	/r/itookapicture/comments/1lyu1qc/itap_of_my_parents_in_rio_portrait/-Unknown	Reddit
225	Global	1970-01	/r/LiverpoolFC/comments/1mhrwgp/this_angle_of_rios_goal/-Unknown	Reddit
226	Global	1970-01	/r/LiverpoolFC/comments/1n03qdg/carraghers_reaction_to_the_rio_goal/-Unknown	Reddit
227	Global	1970-01	/r/TaylorSwift/comments/17xzx7v/taylor_addresses_the_death_of_a_fan_at_tonights/-Unknown	Reddit
228	Global	1970-01	/r/interestingasfuck/comments/xycm7m/time_lapse_of_the_moon_and_venus_behind_christ/-Unknown	Reddit
229	Global	1970-01	/r/Music/comments/17yqeft/government_gives_taylor_swift_concert_producer_24/-Unknown	Reddit
230	Global	1970-01	/r/BlackPeopleTwitter/comments/1axyvxg/rio_de_janeiro_gang_warfare_is_crazy/-Unknown	Reddit
231	Global	1970-01	/r/PoliticalHumor/comments/1d9j3uq/some_basic_reminders_to_the_party_of_patriotism/-Unknown	Reddit
232	Global	1970-01	/r/farialimabets/comments/1mjduw3/o_rio_de_janeiro_continua_lindo/-Unknown	Reddit
233	Global	1970-01	/r/LiverpoolFC/comments/1nq7l1i/lfc_rio_ngumoha_has_signed_his_first_professional/-Unknown	Reddit
234	Global	1970-01	/r/Stargazing/comments/1o12epn/lighting_storm_over_the_sea_rio_de_janeiro_brazil/-Unknown	Reddit
235	Global	1970-01	/r/SquaredCircle/comments/1jf9n08/alberto_del_rio_tries_to_attack_mouthy_crowd/-Unknown	Reddit
236	Global	1970-01	/r/fursuits/comments/1m03y5l/sage_the_kitty_and_rio_the_human/-Unknown	Reddit
237	Global	1970-01	/r/TaylorSwift/comments/17yf6ej/taylor_seemingly_struggling_to_catch_her_breath/-Unknown	Reddit
238	Global	1970-01	/r/oddlyterrifying/comments/1ko5blh/rocinha_is_favela_built_on_a_steep_hillside/-Unknown	Reddit
239	Global	1970-01	/r/dogvideos/comments/1csvjdi/rescued_dogs_from_the_flood_in_rio_grande_do_sul/-Unknown	Reddit
240	Global	1970-01	/r/travel/comments/1mxyol7/we_tried_to_skip_the_cable_car_line_in_rio_ended/-Unknown	Reddit
241	Global	1970-01	/r/OldSchoolCool/comments/17vxkau/the_copacabana_beach_rio_de_janeiro_brazil/-Unknown	Reddit
242	Global	1970-01	/r/brasil/comments/1maqf9e/um_policial_tirando_um_cara_do_telhado_de_um/-Unknown	Reddit
243	Global	1970-01	/r/ThatsInsane/comments/psvi3f/constant_flow_of_migrants_crossing_the_rio_grande/-Unknown	Reddit
244	Global	1970-01	/r/BeAmazed/comments/14xz2fh/the_ocean_cleanup_scooping_literal_truckloads_of/-Unknown	Reddit
245	Global	1970-01	/r/ufc/comments/1nmsj8q/charles_olivera_confirms_his_rio_fight_is_off_and/-Unknown	Reddit
246	Global	1970-01	/r/LiverpoolFC/comments/1mhhuf6/liverpool_1_0_athletic_club_rio_ngumoha_2/-Unknown	Reddit
247	Global	1970-01	/r/interestingasfuck/comments/1h5fh7s/biggest_concert_ever_of_about_35_million_people/-Unknown	Reddit
248	Global	1970-01	/r/interestingasfuck/comments/un74kp/royal_portuguese_reading_room_rio_de_janeiro/-Unknown	Reddit
249	Global	1970-01	/r/SweatyPalms/comments/q9sbot/2769_ft_above_rio_de_janeiro/-Unknown	Reddit
250	Global	1970-01	/r/wow/comments/1nrtoxk/i_regret_inviting_32k_rio_people_to_my_1213s/-Unknown	Reddit
251	Global	1970-01	/r/AbruptChaos/comments/13vyfvv/come_to_rio_its_great/-Unknown	Reddit
252	Global	1970-01	/r/SipsTea/comments/1o1yu5u/rescuers_in_brazil_pulled_an_injured_jaguar_from/-Unknown	Reddit
253	Global	1970-01	/r/LiverpoolFC/comments/1nhj2d8/rio_ngumoha_with_a_fantastic_pass_to_create_an/-Unknown	Reddit
254	Global	1970-01	/r/pics/comments/g0amtk/rios_christ_the_redeemer_statue_was_lit_up_to/-Unknown	Reddit
255	Global	1970-01	/r/soccer/comments/1mhvz7w/alternate_angle_of_rio_ngumohas_goal/-Unknown	Reddit
256	Global	1970-01	/r/MapPorn/comments/rvoegy/subway_line_comparision_between_rio_de_janeiro/-Unknown	Reddit
257	Global	1970-01	/r/rupaulsdragrace/comments/1dhhk63/bianca_del_rio_on_gottmiks_reworking_of_nicki/-Unknown	Reddit
258	Global	1970-01	/r/BeAmazed/comments/1jmounr/the_clear_and_pristine_waters_of_the_rio_sucuri/-Unknown	Reddit
259	Global	1970-01	/r/ItHadToBeBrazil/comments/1makj0c/police_officer_removing_a_man_from_the_roof_of_a/-Unknown	Reddit
260	Global	1970-01	/r/BlueArchive/comments/1m2foat/i_never_expected_rio_to_be_so_in_love_with_sensei/-Unknown	Reddit
261	Global	1970-01	/r/GlobalOffensive/comments/yss49i/furia_esports_vs_natus_vincere_iem_rio_major_2022/-Unknown	Reddit
262	Global	1970-01	/r/BeAmazed/comments/14ph66c/what_an_unexpected_view_rio_de_janeiro/-Unknown	Reddit
263	Global	1970-01	/r/football/comments/1kxekno/rio_ferdinand_to_quit_tnt_sports_immediately/-Unknown	Reddit
264	Global	1970-01	/r/PremierLeague/comments/1j6far3/no_rio_ferdinand_and_gary_neville_in_liverpool/-Unknown	Reddit
265	Global	1970-01	/r/brasil/comments/1m6rj8h/oruam_acaba_de_ser_preso_no_rio_de_janeiro/-Unknown	Reddit
266	Global	1970-01	/r/riodejaneiro/comments/1aes9rj/uma_das_cenas_que_faz_o_transporte_público_do_rio/-Unknown	Reddit
267	Global	1970-01	/r/oddlysatisfying/comments/19505hk/140t_of_trash_about_37_truckloads_intercepted_and/-Unknown	Reddit
268	Global	1970-01	/r/oddlyterrifying/comments/1gtijzo/rocinha_rio_de_janeiro_brazil_rocinha_is_a_favela/-Unknown	Reddit
269	Global	1970-01	/r/Damnthatsinteresting/comments/1k80lt1/a_walk_through_the_alleys_of_rocinha_rio_de/-Unknown	Reddit
270	Global	1970-01	/r/WTF/comments/a59ui4/ipanema_beach_rio_de_janiero_lose_a_child_and/-Unknown	Reddit
271	Global	1970-01	/r/memes/comments/ygo37v/tip_its_not_rio_de_janeiro/-Unknown	Reddit
272	Global	1970-01	/r/DJs/comments/1juefwg/solomuns_equipment_rider_rio_de_janeiro/-Unknown	Reddit
273	Global	1970-01	/r/worldnews/comments/9cgwgl/rios_200_year_old_national_museum_hit_by_massive/-Unknown	Reddit
274	Global	1970-01	/r/todayilearned/comments/6v2657/til_rios_12_billion_2016_olympic_park_is_mostly/-Unknown	Reddit
275	Global	1970-01	/r/entertainment/comments/17xzz33/taylor_swift_fan_dies_during_concert_in_rio_de/-Unknown	Reddit
276	Global	1970-01	/r/LiverpoolFC/comments/1m4p6c3/full_time_liverpool_5_0_stoke_city_nunez_x_3_rio/-Unknown	Reddit
277	Global	1970-01	/r/nba/comments/jfepky/upon_arriving_in_rio_for_2016_olympics_jimmy/-Unknown	Reddit
278	Global	1970-01	/r/nextfuckinglevel/comments/f9d6x8/this_40_feet_tall_float_at_the_rio_de_janeiro/-Unknown	Reddit
279	Global	1970-01	/r/MMA/comments/1o4czyj/spoiler_the_winner_of_the_ufc_rio_main_event/-Unknown	Reddit
280	Global	1970-01	/r/twinpeaks/comments/1llnyry/rebekah_del_rio_has_sadly_passed_away/-Unknown	Reddit
281	Global	1970-01	/r/Chihuahua/comments/1myuohq/rio_loves_being_a_chihuahua_but_his_second_choice/-Unknown	Reddit
282	Global	1970-01	/r/funny/comments/117rqun/welcome_to_rio/-Unknown	Reddit
283	Global	1970-01	/r/ArsenalFC/comments/1ly88zc/rio_ferdinands_statement_on_madueke_transfer/-Unknown	Reddit
284	Global	1970-01	/r/UmaMusume/comments/1o5grcc/assortments_of_furaunsu_nishino_flower_seiun_sky/-Unknown	Reddit
285	Global	1970-01	/r/pics/comments/7n3fea/my_cousin_was_in_his_future_wifes_family_picture/-Unknown	Reddit
286	Global	1970-01	/r/Spiderman/comments/14qe8ak/rio_morales_is_finally_out_with_2739_of_the_votes/-Unknown	Reddit
287	Global	1970-01	/r/worldnews/comments/4xp31z/rio_olympics_us_swimmer_ryan_lochte_and_three/-Unknown	Reddit
288	Global	1970-01	/r/todayilearned/comments/6wka2k/til_medals_from_2016_rio_olympic_games_are/-Unknown	Reddit
289	Global	1970-01	/r/brasil/comments/175erzr/fotos_atuais_do_rio_negro/-Unknown	Reddit
290	Global	1970-01	/r/TaylorSwift/comments/17xzlr3/taylor_swift_fan_dies_after_falling_ill_during/-Unknown	Reddit
291	Global	1970-01	/r/bonehurtingjuice/comments/1899rcx/wario/-Unknown	Reddit
292	Global	1970-01	/r/worldnews/comments/4uyq4d/rio_2016_olympic_athletes_told_to_keep_your_mouth/-Unknown	Reddit
293	Global	1970-01	/r/Music/comments/17zuet6/free_water_provided_as_taylor_swift_returns_to/-Unknown	Reddit
294	Global	1970-01	/r/BlueArchive/comments/1lw9r98/student_introduction_rio/-Unknown	Reddit
295	Global	1970-01	/r/worldnews/comments/4ivch6/rio_olympics_could_spark_full_blown_global_health/-Unknown	Reddit
296	Global	1970-01	/r/Unexpected/comments/vdspn7/a_normal_day_in_rio_de_janeiro_brazil/-Unknown	Reddit
297	Global	1970-01	/r/MMA/comments/1mk16rs/charles_oliveira_vs_rafael_fiziev_will_headline/-Unknown	Reddit
298	Global	1970-01	/r/news/comments/4ufhky/rio_olympics_athletes_village_declared/-Unknown	Reddit
299	Global	1970-01	/r/LiverpoolFC/comments/1n07d2x/rio_ngumoha_post_match_interview/-Unknown	Reddit
300	Global	1970-01	/r/politics/comments/hk6u9c/border_wall_built_by_trumps_handpicked_contractor/-Unknown	Reddit
301	Global	1970-01	/r/pics/comments/49rcb9/this_is_guanabara_bay_where_olympic_athletes_will/-Unknown	Reddit
302	Global	1970-01	/r/soccer/comments/1lftzd2/botafogo_fans_celebrating_in_rio/-Unknown	Reddit
303	Global	1970-01	/r/facepalm/comments/10hbygl/video_of_george_santos_in_drag_in_rio/-Unknown	Reddit
304	Global	1970-01	/r/politics/comments/q4l77r/biden_administration_cancels_remaining_laredo_rio/-Unknown	Reddit
305	Global	1970-01	/r/worldnews/comments/r8zdkg/brazils_rio_cancels_new_year_celebrations_as_the/-Unknown	Reddit
306	Global	1970-01	/r/riodejaneiro/comments/1o1jld1/o_rio_de_janeiro_continua_lindo_é_simplesmente/-Unknown	Reddit
307	Global	1970-01	/r/worldnews/comments/4lbynl/zika_crisis_rio_olympics_should_be_moved_or/-Unknown	Reddit
308	Global	1970-01	/r/nottheonion/comments/4xeuzf/rio_diving_poolstill_greennow_closed_and_smells/-Unknown	Reddit
309	Global	1970-01	/r/worldnews/comments/4olhe9/rio_declares_financial_emergency_requests_funding/-Unknown	Reddit
310	Global	1970-01	/r/news/comments/4z7t3h/report_rio_police_exaggerated_their_version_of/-Unknown	Reddit
311	Global	1970-01	/r/worldnews/comments/4wbryn/bus_full_of_chinese_basketball_reporters_caught/-Unknown	Reddit
312	Global	1970-01	/r/instant_regret/comments/lo1lbv/just_another_day_in_rio_de_janeiro/-Unknown	Reddit
313	Global	1970-01	/r/nextfuckinglevel/comments/u7maoa/local_hero_saves_lifeguard_in_rio_link_in_comments/-Unknown	Reddit
314	Global	1970-01	/r/worldnews/comments/4ufeqo/new_zealand_athlete_in_rio_kidnapped_by_men_in/-Unknown	Reddit
315	Global	1970-01	/r/worldnews/comments/9e7osy/blue_macaw_parrot_that_inspired_rio_is_now/-Unknown	Reddit
316	Global	1970-01	/r/riodejaneiro/comments/1mzumcn/fiz_um_icebergtier_dos_piores_lugares_do_rio_de/-Unknown	Reddit
317	Global	1970-01	/r/gifs/comments/4yfefg/kim_jong_un_spotted_at_the_olympics_in_rio/-Unknown	Reddit
318	Global	1970-01	/r/shittymoviedetails/comments/1m8ywg7/in_rio_2_2014_the_main_villain_is_named_big_boss/-Unknown	Reddit
319	Global	1970-01	/r/worldnews/comments/4w7853/russian_official_shoots_attempted_robber_dead_in/-Unknown	Reddit
320	Global	1970-01	/r/FutilidadePublica/comments/1nl3fz1/urgente_chaves_é_preso_no_rio_de_janeiro/-Unknown	Reddit
321	Global	1970-01	/r/UrbanHell/comments/1laqdv8/israels_compound_slum_in_rio_dominated_by/-Unknown	Reddit
322	Global	1970-01	/r/PublicFreakout/comments/16lexel/he_was_taking_too_long_to_take_the_photo_pedra_do/-Unknown	Reddit
323	Global	1970-01	/r/pics/comments/2cu340/steve_jobs_is_in_rio_de_janeiro_alive/-Unknown	Reddit
324	Global	1970-01	/r/worldnews/comments/4ygmee/us_olympic_committee_apologizes_to_city_of_rio/-Unknown	Reddit
325	Global	1970-01	/r/Music/comments/1ckmth6/madonna_makes_history_with_16million_crowd_in_rio/-Unknown	Reddit
326	Global	1970-01	/r/rarepuppers/comments/1ikerko/rio_didnt_like_the_news_today/-Unknown	Reddit
327	Global	1970-01	/r/marvelstudios/comments/iw3khi/casting_idea_donald_faison_and_judy_reyes_for/-Unknown	Reddit
328	Global	1970-01	/r/worldnews/comments/3f5wgi/rios_waters_are_so_filthy_that_2016_olympians/-Unknown	Reddit
329	Global	1970-01	/r/worldnews/comments/5ajjck/bishop_who_thinks_homosexuality_is_evil_elected/-Unknown	Reddit
330	Global	1970-01	/r/nottheonion/comments/4w54a2/rio_2016_officials_forced_to_cut_their_way_into/-Unknown	Reddit
331	Global	1970-01	/r/Damnthatsinteresting/comments/1dojo69/rio_de_janeiro_in_1989_and_2019_what_a/-Unknown	Reddit
332	Global	1970-01	/r/GlobalOffensive/comments/1g1kddj/navi_refuse_to_shake_hands_with_vp_after_match_at/-Unknown	Reddit
333	Global	1970-01	/r/worldnews/comments/4v3w21/new_zealand_jiujitsu_champion_flees_rio_de/-Unknown	Reddit
334	Global	1970-01	/r/pics/comments/4wh7f1/welcome_to_te_real_2016_rio_olympics/-Unknown	Reddit
335	Global	1970-01	/r/pics/comments/4wvxau/surprise_contestant_in_rio/-Unknown	Reddit
336	Global	1970-01	/r/Brazil/comments/1kfnk54/attended_a_wedding_in_rio/-Unknown	Reddit
337	Global	1970-01	/r/nextfuckinglevel/comments/1k5accu/man_shows_a_quick_and_cheap_way_to_get_the_best/-Unknown	Reddit
338	Global	1970-01	/r/interestingasfuck/comments/tg0i42/breathtaking_view_of_rio/-Unknown	Reddit
339	Global	1970-01	/r/sports/comments/4vw5ir/no_dorms_for_us_basketball_teams_theyll_stay_on_a/-Unknown	Reddit
340	Global	1970-01	/r/LV426/comments/1mo61vk/xenomorph_design_concepts_by_andres_rios/-Unknown	Reddit
341	Global	1970-01	/r/watchpeoplesurvive/comments/klb6zz/man_dodges_bullets_at_close_range_when_hes/-Unknown	Reddit
342	Global	1970-01	/r/CatastrophicFailure/comments/qus1uk/train_hits_fuel_truck_near_del_rio_texas_air/-Unknown	Reddit
343	Global	1970-01	/r/streetmoe/comments/1nusuzk/rio_tsukatsuki/-Unknown	Reddit
344	Global	1970-01	/r/brasil/comments/1mfs2d3/estudantes_queimam_boneco_de_trump_em_ato_no_rio/-Unknown	Reddit
345	Global	1970-01	/r/news/comments/5l32rd/body_found_in_burntout_car_in_rio_believed_to_be/-Unknown	Reddit
346	Global	1970-01	/r/worldnews/comments/4nirdx/exclusive_studies_find_super_bacteria_in_rios/-Unknown	Reddit
347	Global	1970-01	/r/PublicFreakout/comments/1jad370/drunk_norwegian_trying_to_destroy_everything_in/-Unknown	Reddit
348	Global	1970-01	/r/ufc/comments/1nnq8iw/diego_says_he_is_down_to_face_charles_on_oct_11/-Unknown	Reddit
349	Global	1970-01	/r/worldnews/comments/4zsq6o/polish_olympian_sells_rio_medal_to_save/-Unknown	Reddit
350	Global	1970-01	/r/ItHadToBeBrazil/comments/1k80mge/a_walk_through_the_alleys_of_rocinha_rio_de/-Unknown	Reddit
351	Global	1970-01	/r/worldnews/comments/4xcqt2/rio_chefs_use_leftover_olympic_food_to_feed_the/-Unknown	Reddit
352	Global	1970-01	/r/knitting/comments/1i20vvi/thi_yarn_makes_me_want_to_cry_its_so_beautiful_my/-Unknown	Reddit
353	Global	1970-01	/r/pics/comments/4z9ehm/team_gb_arriving_in_london_heathrow_from_rio/-Unknown	Reddit
354	Global	1970-01	/r/WTF/comments/6ws6ls/bullet_train_in_rio_de_janeiro/-Unknown	Reddit
355	Global	1970-01	/r/interestingasfuck/comments/4w4csm/camera_stockpile_for_the_rio_games/-Unknown	Reddit
356	Global	1970-01	/r/MMA/comments/10i9z2y/the_king_of_rio_jose_aldo_jr_inducted_into_the/-Unknown	Reddit
357	Global	1970-01	/r/videos/comments/4z0sao/the_bbcs_brilliant_review_of_rio_2016/-Unknown	Reddit
358	Global	1970-01	/r/interestingasfuck/comments/i1p50w/the_amazon_river_meets_the_rio_negro_but_does_not/-Unknown	Reddit
359	Global	1970-01	/r/DisasterUpdate/comments/1lv2i8v/rio_ruidoso_ruidoso_new_mexico_08_july_2025_flash/-Unknown	Reddit
360	Global	1970-01	/r/Joshi_Kosei/comments/1njasyh/too_tired_rio_futaba_rascal_does_not_dream_of/-Unknown	Reddit
361	Global	1970-01	/r/Documentaries/comments/4q324m/2016_olympics_what_rio_doesnt_want_the_world_to/-Unknown	Reddit
362	Global	1970-01	/r/BlueArchive/comments/1ddap4i/seminars_crisis_rio_koyuki_yuuka_noa_by/-Unknown	Reddit
363	Global	1970-01	/r/news/comments/14u3o8y/texas_deploys_floating_barrier_in_rio_grande/-Unknown	Reddit
364	Global	1970-01	/r/pics/comments/2iz7wm/selfie_on_the_top_of_the_christ_the_redeemer/-Unknown	Reddit
365	Global	1970-01	/r/SquaredCircle/comments/gh9r17/alberto_del_rio_allegedly_sexually_assaults_woman/-Unknown	Reddit
366	Global	1970-01	/r/argentina/comments/1nmn6dy/tranquila_y_apta_para_los_tiempos_modernos_la/-Unknown	Reddit
367	Global	1970-01	/r/CFB/comments/1gox7zn/wisconsin_staffer_jack_del_rio_arrested_for_drunk/-Unknown	Reddit
368	Global	1970-01	/r/GlobalOffensive/comments/ytolim/heroic_vs_furia_esports_iem_rio_major_2022/-Unknown	Reddit
369	Global	1970-01	/r/interestingasfuck/comments/132r7ak/pink_river_dolphin_in_rio_negro_in_manaus_brazil/-Unknown	Reddit
370	Global	1970-01	/r/pics/comments/ha6loz/usain_bolt_runs_as_a_guide_for_blind_paralympic/-Unknown	Reddit
371	Global	1970-01	/r/photoshopbattles/comments/5m6lhj/psbattle_robber_is_attacked_by_swimmers_at/-Unknown	Reddit
372	Global	1970-01	/r/politics/comments/15mbt29/circular_saw_blades_divide_controversial_rio/-Unknown	Reddit
373	Global	1970-01	/r/GlobalOffensive/comments/yudwbs/outsiders_vs_heroic_iem_rio_major_2022_grandfinal/-Unknown	Reddit
374	Global	1970-01	/r/LiverpoolFC/comments/1lzfrn9/rio_ngumoha_vs_preston_north_end/-Unknown	Reddit
375	Global	1970-01	/r/Wellthatsucks/comments/1g6z5bz/the_one_day_im_in_rio/-Unknown	Reddit
376	Global	1970-01	/r/nottheonion/comments/4uzfsd/rio_2016_olympic_athletes_told_to_keep_your_mouth/-Unknown	Reddit
377	Global	1970-01	/r/megalophobia/comments/17iux0l/open_spillway_gate_at_the_funil_hydroelectric/-Unknown	Reddit
378	Global	1970-01	/r/brasil/comments/1but7tg/comparação_rua_são_clemente_rio_de_janeiro_brasil/-Unknown	Reddit
379	Global	1970-01	/r/reddevils/comments/1m5np75/sir_alex_ferguson_interaction_with_rio_ferdinand/-Unknown	Reddit
380	Global	1970-01	/r/UrbanHell/comments/1lzn6ml/rio_de_janeiro_brazil/-Unknown	Reddit
381	Global	1970-01	/r/soccer/comments/pkz99q/rio_ferdinand_encouraged_gay_male_player_to_come/-Unknown	Reddit
382	Global	1970-01	/r/portugueses/comments/1m2jp3m/aparente_tentativa_de_assalto_com_arma_de_fogo/-Unknown	Reddit
383	Global	1970-01	/r/gifs/comments/4wg41g/hotel_shower_in_rio/-Unknown	Reddit
384	Global	1970-01	/r/OldPhotosInRealLife/comments/11we8ql/rio_de_janeiro_brazil_1930_and_now/-Unknown	Reddit
385	Global	1970-01	/r/GlobalOffensive/comments/yne3lb/sadokist_removed_from_iem_rio_major_after_incident/-Unknown	Reddit
386	Global	1970-01	/r/HistoryPorn/comments/13aep5h/walt_disney_filming_on_a_beach_in_rio_de_janeiro/-Unknown	Reddit
387	Global	1970-01	/r/worldnews/comments/4v2hrn/olympic_flame_extinguished_by_rio_protesters/-Unknown	Reddit
388	Global	1970-01	/r/TaylorSwift/comments/17y5wj5/the_mayor_of_rio_announces_new_measures_for_the/-Unknown	Reddit
389	Global	1970-01	/r/Nirvana/comments/1i8wrnt/kurt_cobain_used_fashion_to_stand_up_for_equality/-Unknown	Reddit
390	Global	1970-01	/r/ThatsInsane/comments/1ckg626/the_crowd_size_of_madonnas_free_concert_in_rio_de/-Unknown	Reddit
391	Global	1970-01	/r/MMA/comments/1nosv08/gamrot_in_vs_charles_oliveira_in_rio/-Unknown	Reddit
392	Global	1970-01	/r/WriteStreakES/comments/1n8yai2/streak_1508_las_minas_de_riotinto/-Unknown	Reddit
393	Global	1970-01	/r/RedditJobBoard/comments/1mimtai/hiring_principal_adviser_remuneration_strategy/-Unknown	Reddit
394	Global	1970-01	/r/RedditJobBoard/comments/1migh18/hiring_principal_adviser_remuneration_strategy/-Unknown	Reddit
395	Global	1970-01	/r/LaborPartyofAustralia/comments/1ja6oxb/unions_win_vote_to_return_to_pilbara_mines_for/-Unknown	Reddit
396	Global	1970-01	/r/RedditJobBoard/comments/1lr0swg/hiring_specialist_platform_integration_at_rio/-Unknown	Reddit
397	Global	1970-01	/r/RedditJobBoard/comments/1lr0skf/hiring_internal_apprenticeship_opportunities_bsl/-Unknown	Reddit
398	Global	1970-01	/r/RedditJobBoard/comments/1lqxuxq/hiring_specialist_platform_integration_at_rio/-Unknown	Reddit
399	Global	1970-01	/r/RedditJobBoard/comments/1lqwe89/hiring_specialist_procurement_sustainability_part/-Unknown	Reddit
400	Global	1970-01	/r/RedditJobBoard/comments/1lqwc0w/hiring_internal_apprenticeship_opportunities_bsl/-Unknown	Reddit
401	Global	1970-01	/r/RedditJobBoard/comments/1lquzgj/hiring_specialist_procurement_sustainability_part/-Unknown	Reddit
402	Global	1970-01	/r/Belgrade/comments/1fqexd3/rio_tinto/-Unknown	Reddit
403	Global	1970-01	/r/LaborPartyofAustralia/comments/1jkzojb/unions_file_to_force_rio_tinto_to_the_table_in/-Unknown	Reddit
404	Global	1970-01	/r/friendlyjordies/comments/1hct00r/former_female_employees_detail_alleged_sexual/-Unknown	Reddit
405	Global	1970-01	/r/auslaw/comments/1hbo5yl/former_female_employees_detail_alleged_sexual/-Unknown	Reddit
406	Global	1970-01	/r/AustraliaLeftPolitics/comments/1hcsyp6/former_female_employees_detail_alleged_sexual/-Unknown	Reddit
407	Global	1970-01	/r/wallstreetbets/comments/lp3sim/why_pltr_palantir_is_going_to_the_moon_inevitably/-Unknown	Reddit
408	Global	1970-01	/r/AutoNewspaper/comments/1gvfm31/world_rio_tinto_employees_report_rise_in_bullying/-Unknown	Reddit
409	Global	1970-01	/r/ALJAZEERAauto/comments/1gvf2y1/world_rio_tinto_employees_report_rise_in_bullying/-Unknown	Reddit
410	Global	1970-01	/r/WorldNewsHeadlines/comments/1foj48c/rio_tinto_offers_early_termination_to_diavik/-Unknown	Reddit
411	Global	1970-01	/r/NewsHub/comments/1foj3sr/rio_tinto_offers_early_termination_to_diavik/-Unknown	Reddit
412	Global	1970-01	/r/Pyrogenesis/comments/12u62i4/update_from_rio_tintoioc_regarding_plasma/-Unknown	Reddit
413	Global	1970-01	/r/pennystocks/comments/1ikv2zh/should_you_get_on_or_off_before_it_leaves_the/-Unknown	Reddit
414	Global	1970-01	/r/wallstreetbets/comments/lz9iwc/pltr_palantir_will_moon/-Unknown	Reddit
415	Global	1970-01	/r/TheMoneyCog/comments/y151sr/are_rio_tinto_shares_a_good_investment/-Unknown	Reddit
416	Global	1970-01	/r/KitcoNEWS/comments/xplp4c/rio_tinto_to_start_underground_mining_at/-Unknown	Reddit
417	Global	1970-01	/r/AustralianPolitics/comments/ldn6kr/a_list_of_scandals_and_corruption_with_sources/-Unknown	Reddit
418	Global	1970-01	/r/News_Manufacture/comments/tu2z3j/rio_tinto_kennecott_reaches_new_collective/-Unknown	Reddit
419	Global	1970-01	/r/u_pressinformant/comments/uabk8a/cape_lambert_employee_and_ex_bikie_ricky_chapman/-Unknown	Reddit
420	Global	1970-01	/r/perth/comments/dzxt7h/rio_tinto_investigates_after_employee_crushes_own/-Unknown	Reddit
421	Global	1970-01	/r/GlobalPowers/comments/6ea1y3/event_freeportmcmoran_and_rio_tinto_sued_for/-Unknown	Reddit
422	Global	1970-01	/r/australia/comments/dzxeac/rio_tinto_investigates_after_employee_crushes_own/-Unknown	Reddit
423	Global	1970-01	/r/mealtimevideos/comments/pjk2d7/why_china_jailed_4_rio_tinto_employees_2145/-Unknown	Reddit
424	Global	1970-01	/r/pooptimevideos/comments/pjkt2e/why_china_jailed_4_rio_tinto_employees_2145/-Unknown	Reddit
425	Global	1970-01	/r/autotldr/comments/lmrgnr/rio_tinto_boss_admits_destroying_juukan_rock/-Unknown	Reddit
426	Global	1970-01	/r/autotldr/comments/h9zidy/rio_tinto_has_another_go_at_apologising_for/-Unknown	Reddit
427	Global	1970-01	/r/Australia_/comments/ebutq0/bhp_worker_killed_in_outback_road_crash_three_rio/-Unknown	Reddit
428	Global	1970-01	/r/AutoNewspaper/comments/7kxr6a/local_rio_tinto_realignment_may_impact_utah/-Unknown	Reddit
429	Global	1970-01	/r/DESERETauto/comments/7kxjx4/local_rio_tinto_realignment_may_impact_utah/-Unknown	Reddit
430	Global	1970-01	/r/worldnews/comments/5h666v/rio_tintos_plan_to_use_drones_to_monitor_workers/-Unknown	Reddit
431	Global	1970-01	/r/RVSN/comments/1jpzuoo/a_monster_dd_on_rvsn_including_bearish_concerns/-Unknown	Reddit
432	Global	1970-01	/r/autotldr/comments/5h7tfo/revealed_rio_tintos_plan_to_use_drones_to_monitor/-Unknown	Reddit
433	Global	1970-01	/r/britishcolumbia/comments/36l0s3/rio_tinto_alcan_paid_environment_ministry/-Unknown	Reddit
434	Global	1970-01	/r/autotldr/comments/5h6ovh/rio_tinto_to_use_drones_to_monitor_workers/-Unknown	Reddit
435	Global	1970-01	/r/BreakingNews24hr/comments/5h6734/rio_tintos_plan_to_use_drones_to_monitor_workers/-Unknown	Reddit
436	Global	1970-01	/r/worldnews/comments/1potby/mining_giant_rio_tinto_says_it_is_withdrawing_the/-Unknown	Reddit
437	Global	1970-01	/r/politics/comments/bg685/labor_showdown_in_the_california_desert/-Unknown	Reddit
438	Global	1970-01	/r/worldnews/comments/8zmua/china_arrests_rio_tinto_employees_on_spy_charge/-Unknown	Reddit
439	Global	1970-01	/r/PLTR/comments/mvpont/bullish_pltr_dd_going_into_q1_warning_very_long/-Unknown	Reddit
440	Global	1970-01	/r/AskAnAustralian/comments/1jq6n5j/aluminium_to_the_us_do_high_tariffs_matter/-Unknown	Reddit
441	Global	1970-01	/r/aussie/comments/1lujx3x/from_ice_to_coles_controversial_us_tech_company/-Unknown	Reddit
442	Global	1970-01	/r/NIOCORP_MINE/comments/1np8bh9/niocorpreminder_redchip_live_investor_webcast/-Unknown	Reddit
443	Global	1970-01	/r/aussie/comments/1kbqfj2/business_braces_for_18bn_alp_ambush_to_bolster/-Unknown	Reddit
444	Global	1970-01	/r/Canadapennystocks/comments/1mx40qn/nexgen_energy_ltd_nxe_q2_2025_earnings_call/-Unknown	Reddit
445	Global	1970-01	/r/LaborPartyofAustralia/comments/1m4izi1/minerals_council_of_australia_has_lodged_a_formal/-Unknown	Reddit
446	Global	1970-01	/r/SaltLakeCity/comments/119ge5v/considering_move_to_slcsouth_jordan/-Unknown	Reddit
447	Global	1970-01	/r/Wealthsimple_Penny/comments/1mx42qr/nexgen_energy_ltd_nxe_q2_2025_earnings_call/-Unknown	Reddit
448	Global	1970-01	/r/Pennystock/comments/1mx40x4/nexgen_energy_ltd_nxe_q2_2025_earnings_call/-Unknown	Reddit
449	Global	1970-01	/r/trakstocks/comments/m2turg/palantir_pltr_the_worlds_next_most_important/-Unknown	Reddit
450	Global	1970-01	/r/SmallCap_MiningStocks/comments/1mnhb8c/nexgen_energy_ltd_nxe_q2_2025_earnings_call/-Unknown	Reddit
451	Global	1970-01	/r/TheTransnationalElite/comments/1mbnu91/how_zionist_intelligence_networks_captured/-Unknown	Reddit
452	Global	1970-01	/r/ShortSwatters/comments/1b6yda4/rail_vision_rvsn/-Unknown	Reddit
453	Global	1970-01	/r/aussie/comments/1lfnwcd/worley_ceo_chris_ashton_is_doubling_his_workforce/-Unknown	Reddit
454	Global	1970-01	/r/ObscurePatentDangers/comments/1l5qs7z/a_2021_report_claimed_a_glitch_in_palantirs/-Unknown	Reddit
455	Global	1970-01	/r/newzealand/comments/1fgwe58/the_tiwai_point_deal_affects_us_all_and_we_need/-Unknown	Reddit
456	Global	1970-01	/r/wallstreetbets/comments/nmlb2d/palantir_options_dirt_cheap/-Unknown	Reddit
457	Global	1970-01	/r/friendlyjordies/comments/1gfaxsi/blogger_carrick_ryan_on_the_media_and_political/-Unknown	Reddit
458	Global	1970-01	/r/ausstocks/comments/1jnybml/a_look_at_mader_group_uncovered_gem/-Unknown	Reddit
459	Global	1970-01	/r/stocks/comments/1avkaqo/these_are_the_stocks_on_my_watchlist_220/-Unknown	Reddit
460	Global	1970-01	/r/AI_OSINT_Lab/comments/1jecnup/the_rothschild_family_undue_influence_conflicts/-Unknown	Reddit
461	Global	1970-01	/r/NIOCORP_MINE/comments/1i7ahi3/niocorptrumps_ev_rollback_not_expected_to/-Unknown	Reddit
462	Global	1970-01	/r/Treaty_Creek/comments/1ikigov/feb_06_2025_sgldto_minera_alamos_announces/-Unknown	Reddit
463	Global	1970-01	/r/ASX_Bets/comments/s97n4e/bsx_blackstone_minerals_looking_forward_mining/-Unknown	Reddit
464	Global	1970-01	/r/india/comments/4e8zph/last_week_in_indian_economy_for_the_week_ending/-Unknown	Reddit
465	Global	1970-01	/r/wallstreetbets/comments/ryqq08/is_palantirs_image_its_problem/-Unknown	Reddit
466	Global	1970-01	/r/antiwork/comments/qfd2nq/fannie_mae_could_give_its_employees_a_55280hour/-Unknown	Reddit
467	Global	1970-01	/r/StoneBerry/comments/1fx1b1c/the_value_added_by_ontologies_organizations_with/-Unknown	Reddit
468	Global	1970-01	/r/geologycareers/comments/1dzkbjv/internship_advice/-Unknown	Reddit
469	Global	1970-01	/r/Trading/comments/1avkc59/these_are_the_stocks_on_my_watchlist_220/-Unknown	Reddit
470	Global	1970-01	/r/NIOCORP_MINE/comments/1dineco/niocorp_niobium_titanium_in_the_news_plus_some/-Unknown	Reddit
471	Global	1970-01	/r/PLTR/comments/lz9jjc/pltr_will_moon_hold_tight_astronauts/-Unknown	Reddit
472	Global	1970-01	/r/StockMarket/comments/1avkabs/these_are_the_stocks_on_my_watchlist_220/-Unknown	Reddit
473	Global	1970-01	/r/swingtrading/comments/1avkc9v/these_are_the_stocks_on_my_watchlist_220/-Unknown	Reddit
474	Global	1970-01	/r/Baystreetbets/comments/hwbmwx/dd_kdkv_kodiak_copper_corp/-Unknown	Reddit
475	Global	1970-01	/r/wallstreetbets/comments/lkn53f/expltr_engineer_dd_part_2_usability_deployabilty/-Unknown	Reddit
476	Global	1970-01	/r/Treaty_Creek/comments/1bp1ggk/mar_27_2024_wgov_white_gold_corp_identifies/-Unknown	Reddit
477	Global	1970-01	/r/Treaty_Creek/comments/1b2inoi/feb_23_2024_tloto_talon_metals_selected_to_lead/-Unknown	Reddit
478	Global	1970-01	/r/Daytrading/comments/1avk9uy/these_are_the_stocks_on_my_watchlist_220/-Unknown	Reddit
479	Global	1970-01	/r/Treaty_Creek/comments/1afsnr7/jan_31_2024_tloto_michigan_department_of_natural/-Unknown	Reddit
480	Global	1970-01	/r/Treaty_Creek/comments/1942i3h/jan_11_2024_lunto_global_copper_mining_market/-Unknown	Reddit
481	Global	1970-01	/r/RedditJobBoard/comments/1n8j029/hiring_waste_management_analyst_at_rio_tinto/-Unknown	Reddit
482	Global	1970-01	/r/Junior_Stocks/comments/1mvk23o/trump_hosts_bhp_and_rio_tinto_chiefs_in/-Unknown	Reddit
483	Global	1970-01	/r/pennystocks/comments/1gwktsg/uuuu_the_next_rio_tinto_rio/-Unknown	Reddit
484	Global	1970-01	/r/RedditJobBoard/comments/1m6rjzg/hiring_superintendent_communities_social/-Unknown	Reddit
485	Global	1970-01	/r/RedditJobBoard/comments/1lgc48z/hiring_maintenance_manager_asset_integrity_team/-Unknown	Reddit
486	Global	1970-01	/r/RedditJobBoard/comments/1lgc453/hiring_responsable_du_changement_programme_erp/-Unknown	Reddit
487	Global	1970-01	/r/RedditJobBoard/comments/1lgaoio/hiring_superintendent_production_at_rio_tinto/-Unknown	Reddit
488	Global	1970-01	/r/RedditJobBoard/comments/1l7eucw/hiring_supervisor_train_control_at_rio_tinto/-Unknown	Reddit
489	Global	1970-01	/r/InternPlug/comments/1l3ifib/manager_performance_improvement_risk_systems_at/-Unknown	Reddit
490	Global	1970-01	/r/Junior_Stocks/comments/1ksshtc/jakob_stausholms_exit_rocks_rio_tintos_core/-Unknown	Reddit
491	Global	1970-01	/r/RedditJobBoard/comments/1kod4ht/hiring_senior_analyst_trade_finance_at_rio_tinto/-Unknown	Reddit
492	Global	1970-01	/r/RedditJobBoard/comments/1kod41t/hiring_advisor_trade_finance_at_rio_tinto/-Unknown	Reddit
493	Global	1970-01	/r/RedditJobBoard/comments/1kod3l4/hiring_advisor_shipping_documentation_at_rio_tinto/-Unknown	Reddit
494	Global	1970-01	/r/RedditJobBoard/comments/1koadoe/hiring_senior_analyst_trade_finance_at_rio_tinto/-Unknown	Reddit
495	Global	1970-01	/r/RedditJobBoard/comments/1koabme/hiring_advisor_trade_finance_at_rio_tinto/-Unknown	Reddit
496	Global	1970-01	/r/RedditJobBoard/comments/1ko8xrr/hiring_senior_analyst_trade_finance_at_rio_tinto/-Unknown	Reddit
497	Global	1970-01	/r/RedditJobBoard/comments/1k1nltz/hiring_capesize_operations_manager_at_rio_tinto/-Unknown	Reddit
498	Global	1970-01	/r/RedditJobBoard/comments/1k1jby9/hiring_capesize_operations_manager_at_rio_tinto/-Unknown	Reddit
499	Global	1970-01	/r/LaborPartyofAustralia/comments/1jfd14f/rio_tinto_is_offering_pilbara_mine_workers_an/-Unknown	Reddit
500	Global	1970-01	/r/InternPlug/comments/1jgssad/principal_advisor_water_conseillerère_principale/-Unknown	Reddit
501	Global	1970-01	/r/InternPlug/comments/1j47tq5/graduate_program_internship_western_australia_at/-Unknown	Reddit
502	Global	1970-01	/r/RedditJobBoard/comments/1ixbe1b/hiring_hr_team_lead_nzas_at_rio_tinto/-Unknown	Reddit
503	Global	1970-01	/r/RedditJobBoard/comments/1ithy65/hiring_management_assistant_at_rio_tinto/-Unknown	Reddit
504	Global	1970-01	/r/RedditJobBoard/comments/1itf1zv/hiring_management_assistant_at_rio_tinto/-Unknown	Reddit
505	Global	1970-01	/r/RedditJobBoard/comments/1itdhl2/hiring_management_assistant_at_rio_tinto/-Unknown	Reddit
506	Global	1970-01	/r/InternPlug/comments/1igtuuc/electrical_tradesperson_reduction_line/-Unknown	Reddit
507	Global	1970-01	/r/RedditJobBoard/comments/1hhxhdu/hiring_project_controller_emea_at_rio_tinto/-Unknown	Reddit
508	Global	1970-01	/r/RedditJobBoard/comments/1hhuqrw/hiring_project_controller_emea_at_rio_tinto/-Unknown	Reddit
509	Global	1970-01	/r/RedditJobBoard/comments/1hhj7gd/hiring_project_controller_emea_at_rio_tinto/-Unknown	Reddit
510	Global	1970-01	/r/solotravel/comments/19dx1hj/wanting_to_leave_britain_for_a_while_and_go_do/-Unknown	Reddit
511	Global	1970-01	/r/newfoundland/comments/1f96re8/rio_tinto/-Unknown	Reddit
512	Global	1970-01	/r/MLS/comments/gqxqhb/rsl_sponsor_rio_tinto_blasts_46000yearold/-Unknown	Reddit
513	Global	1970-01	/r/perth/comments/1kvrkv3/bhp_sacks_100_wa_workers/-Unknown	Reddit
514	Global	1970-01	/r/finansije/comments/p88y7h/rio_tinto_investiranje_i_diskusija/-Unknown	Reddit
515	Global	1970-01	/r/geology/comments/uouydz/the_university_of_western_australia_uwa_and_rio/-Unknown	Reddit
516	Global	1970-01	/r/CanadaPolitics/comments/s6wqed/canadas_former_china_ambassador_wont_face_ethics/-Unknown	Reddit
517	Global	1970-01	/r/australia/comments/ns28nl/pat_dodson_attacks_exwa_aboriginal_affairs/-Unknown	Reddit
518	Global	1970-01	/r/cranes/comments/rei6gc/job_we_done_a_couple_of_years_ago_at_rio_tintos/-Unknown	Reddit
519	Global	1970-01	/r/AusEcon/comments/1hy0r5r/tax_surge_puts_shock_third_budget_surplus_within/-Unknown	Reddit
520	Global	1970-01	/r/willfulblindness/comments/10fv0zc/cbc_canadas_former_china_ambassador_wont_face/-Unknown	Reddit
521	Global	1970-01	/r/geologycareers/comments/j0su7q/rio_tinto_internships_for/-Unknown	Reddit
522	Global	1970-01	/r/AustralianAccounting/comments/un566a/what_is_the_recruitment_process_for_financial/-Unknown	Reddit
523	Global	1970-01	/r/soccer/comments/1gmhp0/match_thread_world_cup_qualifying_united_states/-Unknown	Reddit
524	Global	1970-01	/r/Edmonton/comments/rdbj8c/does_anyone_here_have_experience_working_for_rio/-Unknown	Reddit
525	Global	1970-01	/r/WesternAustralia/comments/lwmwhg/rio_tinto_chairman_simon_thompson_to_resign_over/-Unknown	Reddit
526	Global	1970-01	/r/AustralianPolitics/comments/1hy0qbn/tax_surge_puts_shock_third_budget_surplus_within/-Unknown	Reddit
527	Global	1970-01	/r/IndianCountry/comments/gv24bh/rio_tinto_apologizes_for_blowing_up_46000yearold/-Unknown	Reddit
528	Global	1970-01	/r/Hydrology/comments/j0t0ui/hydrogeologist_internship_at_rio_tinto/-Unknown	Reddit
529	Global	1970-01	/r/perth/comments/5e0jg3/rio_tinto_cuts_wa_iron_ore_jobs_500_expected_to_go/-Unknown	Reddit
530	Global	1970-01	/r/HydrogenSocieties/comments/palkm3/rio_tinto_and_sumitomo_corp_look_at_hydrogen/-Unknown	Reddit
531	Global	1970-01	/r/australia/comments/5e0mxa/rio_tinto_cuts_wa_iron_ore_jobs_500_expected_to_go/-Unknown	Reddit
532	Global	1970-01	/r/aussie/comments/1o48hkx/welcome_to_bailout_nation_and_our_slag_heap_of/-Unknown	Reddit
533	Global	1970-01	/r/newsbotbot/comments/k3llo1/reuters_field_narrows_for_global_miner_rio_tintos/-Unknown	Reddit
534	Global	1970-01	/r/StateoftheUnionNONF/comments/k3l3a2/field_narrows_for_global_miner_rio_tintos_top_job/-Unknown	Reddit
535	Global	1970-01	/r/newsbotbot/comments/k3igx3/reuters_field_narrows_for_global_miner_rio_tintos/-Unknown	Reddit
536	Global	1970-01	/r/OneAmericaNews/comments/k3hmxl/field_narrows_for_global_miner_rio_tintos_top_job/-Unknown	Reddit
537	Global	1970-01	/r/TheNewsFeed/comments/k3hjfj/oann_field_narrows_for_global_miner_rio_tintos/-Unknown	Reddit
538	Global	1970-01	/r/business/comments/ifwtql/rio_tinto_execs_lose_bonuses_but_keep_jobs_after/-Unknown	Reddit
539	Global	1970-01	/r/Utah/comments/e5l0ui/rio_tinto_plowing_15b_into_utah_extending/-Unknown	Reddit
540	Global	1970-01	/r/australia/comments/q6k5u/hey_gamers_want_to_earn_a_living_doing_what_you/-Unknown	Reddit
541	Global	1970-01	/r/newsbotbot/comments/hny0kf/ap_mining_giant_rio_tinto_will_close_its_aluminum/-Unknown	Reddit
542	Global	1970-01	/r/newsbotbot/comments/hnwe14/reuters_rio_tinto_to_shutter_new_zealand/-Unknown	Reddit
543	Global	1970-01	/r/AutoNewspaper/comments/hnu98q/world_rio_tinto_smelter_in_new_zealand_to_close/-Unknown	Reddit
544	Global	1970-01	/r/GUARDIANauto/comments/hnu5ww/world_rio_tinto_smelter_in_new_zealand_to_close/-Unknown	Reddit
545	Global	1970-01	/r/AutoNewspaper/comments/hntkpx/world_rio_tinto_to_close_new_zealand_smelter_and/-Unknown	Reddit
546	Global	1970-01	/r/TheColorIsBlue/comments/hnte43/rio_tinto_smelter_in_new_zealand_to_close_with/-Unknown	Reddit
547	Global	1970-01	/r/AutoNewspaper/comments/hntfow/world_rio_tinto_to_close_new_zealand_smelter_and/-Unknown	Reddit
548	Global	1970-01	/r/TORONTOSTARauto/comments/hntdi5/world_rio_tinto_to_close_new_zealand_smelter_and/-Unknown	Reddit
549	Global	1970-01	/r/ABCauto/comments/hnt6su/world_rio_tinto_to_close_new_zealand_smelter_and/-Unknown	Reddit
550	Global	1970-01	/r/Futurology/comments/1drlss/rio_tinto_plans_on_having_a_majority_of_their/-Unknown	Reddit
551	Global	1970-01	/r/australia/comments/2xalir/rio_tinto_set_to_cut_hundreds_of_wa_iron_ore_jobs/-Unknown	Reddit
552	Global	1970-01	/r/Futurology/comments/1j4wea/automation_in_australia_drives_workers_out_of/-Unknown	Reddit
553	Global	1970-01	/r/australia/comments/1y6r02/rio_tinto_workers_in_landmark_deal_to_place_job/-Unknown	Reddit
554	Global	1970-01	/r/newsbotbot/comments/aa6krf/reuters_rio_tinto_says_no_job_cuts_in_2019_due_to/-Unknown	Reddit
555	Global	1970-01	/r/newsbotbot/comments/aa4bog/reuters_rio_tinto_says_no_job_cuts_in_2019_due_to/-Unknown	Reddit
556	Global	1970-01	/r/TheRightPill/comments/aa3npo/rio_tinto_says_no_job_cuts_in_2019_due_to/-Unknown	Reddit
557	Global	1970-01	/r/TheNewsFeed/comments/aa3o41/oann_rio_tinto_says_no_job_cuts_in_2019_due_to/-Unknown	Reddit
558	Global	1970-01	/r/ConservativeNewsWeb/comments/aa3na1/rio_tinto_says_no_job_cuts_in_2019_due_to/-Unknown	Reddit
559	Global	1970-01	/r/OneAmericaNews/comments/aa3o18/rio_tinto_says_no_job_cuts_in_2019_due_to/-Unknown	Reddit
560	Global	1970-01	/r/australia/comments/5ov27u/power_prices_lead_to_job_cuts_at_rio_tinto_smelter/-Unknown	Reddit
561	Global	1970-01	/r/canada/comments/41pko3/tpp_will_help_create_jobs_rio_tinto_ceo/-Unknown	Reddit
562	Global	1970-01	/r/AutoNewspaper/comments/7zggta/business_rio_tinto_consults_on_moving_jobs_away/-Unknown	Reddit
563	Global	1970-01	/r/TELEGRAPHauto/comments/7zgciv/business_rio_tinto_consults_on_moving_jobs_away/-Unknown	Reddit
564	Global	1970-01	/r/alaska/comments/22ga38/rio_tinto_pulls_out_of_pebble_mine_project/-Unknown	Reddit
565	Global	1970-01	/r/Defeat_Project_2025/comments/1mvg3qo/trump_slams_antiamerican_pushback_after_fresh/-Unknown	Reddit
566	Global	1970-01	/r/NBCauto/comments/5yd2sk/world_rio_tinto_chairman_to_step_down_for_bt_job/-Unknown	Reddit
567	Global	1970-01	/r/Anu/comments/1ne2rpo/anu_is_an_utter_circus_and_the_solution_is/-Unknown	Reddit
568	Global	1970-01	/r/auslaw/comments/s56njp/auslaws_finest_hour/-Unknown	Reddit
569	Global	1970-01	/r/worldnews/comments/1j4wcb/automation_in_australia_drives_workers_out_of/-Unknown	Reddit
570	Global	1970-01	/r/worldnews/comments/meuff/rio_tinto_blames_carbon_tax_for_515_job_losses/-Unknown	Reddit
571	Global	1970-01	/r/UraniumSqueeze/comments/1nl2o2w/western_australia_potential_for_uranium_ban/-Unknown	Reddit
572	Global	1970-01	/r/graphicnovels/comments/1le6cgx/human_recommendations_for_mobiusbilaldruillet/-Unknown	Reddit
573	Global	1970-01	/r/business/comments/7ikf0/rio_tinto_will_cut_14000_jobs/-Unknown	Reddit
574	Global	1970-01	/r/Kitimat/comments/1nulwcx/potential_move_to_kitimat/-Unknown	Reddit
575	Global	1970-01	/r/reddit.com/comments/7r7sf/bhp_billiton_rio_tinto_to_cut_thousands_of_jobs/-Unknown	Reddit
576	Global	1970-01	/r/business/comments/7ijtk/miner_rio_tinto_cuts_14000_jobs/-Unknown	Reddit
577	Global	1970-01	/r/australia/comments/7iiul/mining_bust_rio_tinto_slashes_14000_jobs/-Unknown	Reddit
578	Global	1970-01	/r/AustralianPolitics/comments/1o48j6m/welcome_to_bailout_nation_and_our_slag_heap_of/-Unknown	Reddit
579	Global	1970-01	/r/CollegeMajors/comments/1loy6w4/why_does_softwarecomputer_science_pay_more_than/-Unknown	Reddit
580	Global	1970-01	/r/geologycareers/comments/1nk40mf/how_to_get_a_job_as_a_geologist_in_australia/-Unknown	Reddit
581	Global	1970-01	/r/pennystocks/comments/1o27t0d/gunnison_copper_gcumf_americas_next_copper_boom/-Unknown	Reddit
582	Global	1970-01	/r/mining/comments/1dx44ui/fifo_jobs_australia/-Unknown	Reddit
583	Global	1970-01	/r/ASX_Bets/comments/px2176/rio_is_a_company_in_trouble_that_has_forgotten/-Unknown	Reddit
584	Global	1970-01	/r/NIOCORP_MINE/comments/1nsmfz6/niocorp_us_seeks_equity_stake_in_canada_mining/-Unknown	Reddit
585	Global	1970-01	/r/highdesert/comments/1ikfxv4/hows_it_like_living_in_boron/-Unknown	Reddit
586	Global	1970-01	/r/uofu/comments/1m3otk2/why_isnt_the_u_transparent_about_job_placement/-Unknown	Reddit
587	Global	1970-01	/r/AustralianPolitics/comments/1lr0hwb/taxpayer_bailouts_dont_be_held_ransom_on_bailouts/-Unknown	Reddit
588	Global	1970-01	/r/dividends/comments/1n39rz5/new_to_this_need_help/-Unknown	Reddit
589	Global	1970-01	/r/auscorp/comments/1iujoyr/auscorp_benchmarking_gym_fitness/-Unknown	Reddit
590	Global	1970-01	/r/oilandgasworkers/comments/1ngvq7d/colorado_school_of_mines_mineral_energy_economics/-Unknown	Reddit
591	Global	1970-01	/r/TradingEdge/comments/1fqli30/2709_premarket_report_all_the_news_to_catch_you/-Unknown	Reddit
592	Global	1970-01	/r/NIOCORP_MINE/comments/1nv5cls/niocorpus_government_takes_5_stake_in_lithium/-Unknown	Reddit
593	Global	1970-01	/r/aussie/comments/1lr0i4w/taxpayer_bailouts_dont_be_held_ransom_on_bailouts/-Unknown	Reddit
594	Global	1970-01	/r/porto/comments/1im6ei2/should_i_host_weekly_meet_ups_in_my_restaurants/-Unknown	Reddit
595	Global	1970-01	/r/Finanzen/comments/1m76bqs/werkstudent_27m/-Unknown	Reddit
596	Global	1970-01	/r/techconsultancy/comments/1nngbg0/how_many_jobs_are_available_in_basic_industries/-Unknown	Reddit
597	Global	1970-01	/r/careerguidance/comments/1loy9la/why_does_softwarecomputer_science_pay_more_than/-Unknown	Reddit
598	Global	1970-01	/r/TradingEdge/comments/1e1fc56/everything_im_watching_and_analysing_in_premarket/-Unknown	Reddit
599	Global	1970-01	/r/AustralianPolitics/comments/1l2yb4l/has_the_once_premier_treasury_department_lost_its/-Unknown	Reddit
600	Global	1970-01	/r/StocksTool/comments/1n25m0f/tariffs_ai_job_fears_and_nvidia_earnings_markets/-Unknown	Reddit
601	Global	1970-01	/r/AustralianPolitics/comments/1ku6jvh/murray_watts_first_task_as_environment_minister/-Unknown	Reddit
602	Global	1970-01	/r/PennyStocksCanada/comments/1ml5lsz/inside_nexmetals_nexm_august_8_newsletter_roadmap/-Unknown	Reddit
603	Global	1970-01	/r/Canadapennystocks/comments/1ml5hc3/inside_nexmetals_nexm_august_8_newsletter_roadmap/-Unknown	Reddit
604	Global	1970-01	/r/CanadaStocks/comments/1ml5l8d/inside_nexmetals_nexm_august_8_newsletter_roadmap/-Unknown	Reddit
605	Global	1970-01	/r/wallstreetsmallcaps/comments/1ml5o41/inside_nexmetals_nexm_august_8_newsletter_roadmap/-Unknown	Reddit
606	Global	1970-01	/r/BJPSupremacy/comments/1kwbnja/we_all_can_make_india_selfreliant_some_ideas/-Unknown	Reddit
607	Global	1970-01	/r/MarketFluxHub/comments/1m8hvba/the_daily_market_flux_your_complete_market/-Unknown	Reddit
608	Global	1970-01	/r/swingtrading/comments/1fy63hm/im_a_professional_trader_and_this_is_everything/-Unknown	Reddit
609	Global	1970-01	/r/friendlyjordies/comments/1imyi2y/writing_checkhelp_for_a_labor_first_lnp_last/-Unknown	Reddit
610	Global	1970-01	/r/TradingEdge/comments/1fy61gi/premarket_report_0710_everything_im_reading_and/-Unknown	Reddit
611	Global	1970-01	/r/academiceconomics/comments/1h72i6m/mineral_energy_economics_colorado_school_of_mines/-Unknown	Reddit
612	Global	1970-01	/r/aussie/comments/1lpdq1p/flavia_tata_nardinis_fleet_space_technologies_is/-Unknown	Reddit
613	Global	1970-01	/r/perth/comments/1fh6286/job_market_kinda_hard/-Unknown	Reddit
614	Global	1970-01	/r/Surveying/comments/1jmoq4o/mine_surveying_jobs_drying_up_in_the_us/-Unknown	Reddit
615	Global	1970-01	/r/MLS/comments/3on5w0/match_thread_canada_m23_vs_us_m23_3rd_place_game/-Unknown	Reddit
616	Global	1970-01	/r/stem_jobs/comments/1l11kq0/top_mechanical_engineering_universities_outside/-Unknown	Reddit
617	Global	1970-01	/r/MarketFluxHub/comments/1kxszm7/the_daily_market_flux_your_complete_market/-Unknown	Reddit
618	Global	1970-01	/r/Junior_Stocks/comments/1kwrx2j/king_charles_iii_announces_canadas_rearm_europe/-Unknown	Reddit
619	Global	1970-01	/r/MarketFluxHub/comments/1kwy7pz/the_daily_market_flux_your_complete_market/-Unknown	Reddit
620	Global	1970-01	/r/MarketFluxHub/comments/1kt4q8v/the_daily_market_flux_your_complete_market/-Unknown	Reddit
621	Global	1970-01	/r/MarketFluxHub/comments/1kqpao4/the_daily_market_flux_your_complete_market/-Unknown	Reddit
622	Global	1970-01	/r/perth/comments/1g3juu0/new_employment_recommendations/-Unknown	Reddit
623	Global	1970-01	/r/Baystreetbets/comments/1kqbbu0/bsb_news_for_week_134_may_12th_2025/-Unknown	Reddit
624	Global	1970-01	/r/Junior_Stocks/comments/1k61m43/trumps_oresome_fasttrack_10_mines_to_make_america/-Unknown	Reddit
625	Global	1970-01	/r/NIOCORP_MINE/comments/1j8p2xe/niocorptrump_seeks_minerals_refining_on_pentagon/-Unknown	Reddit
626	Global	1970-01	/r/NIOCORP_MINE/comments/1k54ae2/niocorpensuring_an_adequate_safe_supply_of/-Unknown	Reddit
627	Global	1970-01	/r/NIOCORP_MINE/comments/1jyvfv9/niocorpopinion_a_federal_critical_mineral/-Unknown	Reddit
628	Global	1970-01	/r/mining/comments/1h3glvw/mineral_energy_economics_colorado_school_of_mines/-Unknown	Reddit
629	Global	1970-01	/r/RugbyAustralia/comments/17qkua8/anyone_else_watch_the_stan_hamish_mclennan/-Unknown	Reddit
630	Global	1970-01	/r/perth/comments/1idnj2u/ecu_vs_curtin_masters_professional_engineering/-Unknown	Reddit
631	Global	1970-01	/r/LaborPartyofAustralia/comments/1igj3xz/homesick_fifo_workers_earning_190k_stir_talk_of/-Unknown	Reddit
632	Global	1970-01	/r/u_TearRepresentative56/comments/1fy62cq/im_a_professional_trader_and_this_is_everything/-Unknown	Reddit
633	Global	1970-01	/r/100thupvote/comments/1j8wr0h/niocorptrump_seeks_minerals_refining_on_pentagon/-Unknown	Reddit
634	Global	1970-01	/r/serbia/comments/1ftyqdp/litijum_da_li_ce_srbija_imati_koristi_od_prerade/-Unknown	Reddit
635	Global	1970-01	/r/u_TearRepresentative56/comments/1e1fen6/im_a_professional_trader_and_this_is_everything/-Unknown	Reddit
636	Global	1970-01	/r/mining/comments/1ii0c0w/roaming_mill_mechanicmillwright_with_5_years/-Unknown	Reddit
637	Global	1970-01	/r/MechanicalEngineering/comments/1g1v4q0/advice_for_moving_from_fifo_engineering_to_a_city/-Unknown	Reddit
638	Global	1970-01	/r/supplychain/comments/fa9te7/covid19_update_thursday_27th_february/-Unknown	Reddit
639	Global	1970-01	/r/Treaty_Creek/comments/1idic0i/jan_29_2025_muxto_mcewen_mining_to_make_strategic/-Unknown	Reddit
640	Global	1970-01	/r/NIOCORP_MINE/comments/1hghsk8/niocorpniobium_electrical_steel_called_out_as_us/-Unknown	Reddit
641	Global	1970-01	/r/Badboyardie/comments/1i3fkyn/the_daily_market_indicator/-Unknown	Reddit
642	Global	1970-01	/r/ChartNavigators/comments/1i3fk5h/the_morning_market_report/-Unknown	Reddit
643	Global	1970-01	/r/NIOCORP_MINE/comments/1hclcet/trump_pledges_to_accelerate_approvals_for/-Unknown	Reddit
644	Global	1970-01	/r/BizSMG/comments/px6ywj/tue_sep_28_235755_2021/-Unknown	Reddit
645	Global	1970-01	/r/NIOCORP_MINE/comments/1he68ve/niocorpseven_recommendations_for_the_new/-Unknown	Reddit
646	Global	1970-01	/r/FinancialCareers/comments/1h6n9v0/mineral_energy_economics_colorado_school_of_mines/-Unknown	Reddit
647	Global	1970-01	/r/wallstreetbets/comments/61z77g/jp_morgan_early_look_at_the_market_tues_32817/-Unknown	Reddit
648	Global	1970-01	/r/swingtrading/comments/1e1fcy0/im_a_professional_trader_and_this_is_everything/-Unknown	Reddit
649	Global	1970-01	/r/MLS/comments/n6tewu/all_aboard_the_phillywagon_in_this_weeks_trash/-Unknown	Reddit
650	Global	1970-01	/r/ASX_Bets/comments/ltbpmi/random_stonk_of_the_week_empired_epd/-Unknown	Reddit
651	Global	1970-01	/r/Junior_Stocks/comments/1n1pqss/rock_solid_strategy_rio_tintos_bold_new_structure/-Unknown	Reddit
652	Global	1970-01	/r/mining/comments/1dwj911/rio_tinto_graduate_program_review/-Unknown	Reddit
653	Global	1970-01	/r/mining/comments/17x8yws/bhp_and_rio_tinto_labor_hire/-Unknown	Reddit
654	Global	1970-01	/r/AusElectricians/comments/1l8dmww/pilbara_sparkies_fight_bhp_for_new_deal/-Unknown	Reddit
655	Global	1970-01	/r/pennystocks/comments/1nehmjs/cqx_why_i_bought_1m_shares_of_copper_quest/-Unknown	Reddit
656	Global	1970-01	/r/Pennystock/comments/1nehmhy/cqx_why_i_bought_1m_shares_of_copper_quest/-Unknown	Reddit
657	Global	1970-01	/r/NWSL/comments/1j3cnlp/countdown_to_kickoff_2025_utah_royals/-Unknown	Reddit
658	Global	1970-01	/r/MLS/comments/2bn991/match_thread_real_salt_lake_vs_impact_de_montréal/-Unknown	Reddit
659	Global	1970-01	/r/Penny_Stocks/comments/1nehmof/cqx_why_i_bought_1m_shares_of_copper_quest/-Unknown	Reddit
660	Global	1970-01	/r/SmallCap_MiningStocks/comments/1nehmsz/cqx_why_i_bought_1m_shares_of_copper_quest/-Unknown	Reddit
661	Global	1970-01	/r/UltimateTraders/comments/1nehqhl/cqx_why_i_bought_1m_shares_of_copper_quest/-Unknown	Reddit
662	Global	1970-01	/r/wallstreet/comments/1nehqdk/cqx_why_i_bought_1m_shares_of_copper_quest/-Unknown	Reddit
663	Global	1970-01	/r/Junior_Stocks/comments/1n3bfz7/yukon_or_bust_rick_rules_latest_investment_thesis/-Unknown	Reddit
664	Global	1970-01	/r/aussie/comments/1mirzii/inside_our_billionaires_secret_stock_portfolios/-Unknown	Reddit
665	Global	1970-01	/r/MLS/comments/53a6td/match_thread_houston_dynamo_real_salt_lake_830_pm/-Unknown	Reddit
666	Global	1970-01	/r/mining/comments/1kjzcus/advice_on_starting_my_career/-Unknown	Reddit
667	Global	1970-01	/r/Ultraleft/comments/1i6rk96/overproduction_and_price_wars_today_empirical/-Unknown	Reddit
668	Global	1970-01	/r/MLS/comments/3dsfbz/match_thread_rsl_vs_houston_dynamo_9pm_ct_root/-Unknown	Reddit
669	Global	1970-01	/r/mining/comments/1berls8/working_for_majors_are_overrated/-Unknown	Reddit
670	Global	1970-01	/r/100thupvote/comments/1j3gq5d/countdown_to_kickoff_2025_utah_royals/-Unknown	Reddit
671	Global	1970-01	/r/tester9/comments/1iwwzma/2025_nwsl_countdown_to_kickoff_utah_royals/-Unknown	Reddit
672	Global	1970-01	/r/conspiracy/comments/y6xwbv/concrete_evidence_of_the_satanic_beliefs_of_those/-Unknown	Reddit
673	Global	1970-01	/r/MLS/comments/1aw03r/match_thread_real_salt_lake_fc_dallas_630pm_mt/-Unknown	Reddit
674	Global	1970-01	/r/NWSL/comments/1b4w5v0/countdown_to_kickoff_utah_royals/-Unknown	Reddit
675	Global	1970-01	/r/MLS/comments/3lng1p/our_seats_matter/-Unknown	Reddit
676	Global	1970-01	/r/mining/comments/1eeu9hy/looking_for_a_pivot_into_mining/-Unknown	Reddit
677	Global	1970-01	/r/Canadapennystocks/comments/1cz05k7/csezeusotcqbzuuzf_zeus_north_america_mining_corp/-Unknown	Reddit
678	Global	1970-01	/r/PennyStocksCanada/comments/1cz07kq/csezeusotcqbzuuzf_zeus_north_america_mining_corp/-Unknown	Reddit
679	Global	1970-01	/r/CanadaStocks/comments/1cz05y1/csezeusotcqbzuuzf_zeus_north_america_mining_corp/-Unknown	Reddit
680	Global	1970-01	/r/RichTogether/comments/1cz06zs/csezeusotcqbzuuzf_zeus_north_america_mining_corp/-Unknown	Reddit
681	Global	1970-01	/r/DueDiligence/comments/1bd3dyu/striking_gold_in_2024_how_one_junior_miner_stands/-Unknown	Reddit
682	Global	1970-01	/r/trakstocks/comments/1b7cya2/striking_gold_in_2024_how_one_junior_miner_stands/-Unknown	Reddit
683	Global	1970-01	/r/pennystocks/comments/1b7czu5/striking_gold_in_2024_how_one_junior_miner_stands/-Unknown	Reddit
684	Global	1970-01	/r/Canadapennystocks/comments/1ahal3k/striking_gold_in_2024_how_one_junior_miner_stands/-Unknown	Reddit
685	Global	1970-01	/r/CanadaStocks/comments/1bem24f/striking_gold_in_2024_how_one_junior_miner_stands/-Unknown	Reddit
686	Global	1970-01	/r/Pennystocksv2/comments/1beogh1/striking_gold_in_2024_how_one_junior_miner_stands/-Unknown	Reddit
687	Global	1970-01	/r/PennyStocksWatch/comments/1beofr2/striking_gold_in_2024_how_one_junior_miner_stands/-Unknown	Reddit
688	Global	1970-01	/r/PennyStockWatch/comments/1beoerf/striking_gold_in_2024_how_one_junior_miner_stands/-Unknown	Reddit
689	Global	1970-01	/r/PennyStocksCanada/comments/1beof6c/striking_gold_in_2024_how_one_junior_miner_stands/-Unknown	Reddit
690	Global	1970-01	/r/CanadaStocks/comments/1bem277/striking_gold_in_2024_how_one_junior_miner_stands/-Unknown	Reddit
691	Global	1970-01	/r/stockfreshman/comments/1bdxzqo/striking_gold_in_2024_how_one_junior_miner_stands/-Unknown	Reddit
692	Global	1970-01	/r/SmallCapStocks/comments/1bdxya8/striking_gold_in_2024_how_one_junior_miner_stands/-Unknown	Reddit
693	Global	1970-01	/r/10xPennyStocks/comments/1bdxwi1/striking_gold_in_2024_how_one_junior_miner_stands/-Unknown	Reddit
694	Global	1970-01	/r/PennyCatalysts/comments/1bd3g4m/striking_gold_in_2024_how_one_junior_miner_stands/-Unknown	Reddit
695	Global	1970-01	/r/marketpredictors/comments/1bd3fdn/striking_gold_in_2024_how_one_junior_miner_stands/-Unknown	Reddit
696	Global	1970-01	/r/Pennystock/comments/1bd3eiu/striking_gold_in_2024_how_one_junior_miner_stands/-Unknown	Reddit
697	Global	1970-01	/r/wallstreetbetsHIGH/comments/1b8y3pc/striking_gold_in_2024_how_one_junior_miner_stands/-Unknown	Reddit
698	Global	1970-01	/r/smallcapbets/comments/1b8y353/striking_gold_in_2024_how_one_junior_miner_stands/-Unknown	Reddit
699	Global	1970-01	/r/Penny_Stocks/comments/1b8y275/striking_gold_in_2024_how_one_junior_miner_stands/-Unknown	Reddit
700	Global	1970-01	/r/PennyHaven/comments/1b8y1um/striking_gold_in_2024_how_one_junior_miner_stands/-Unknown	Reddit
701	Global	1970-01	/r/Stocks_Picks/comments/1b7ex43/striking_gold_in_2024_how_one_junior_miner_stands/-Unknown	Reddit
702	Global	1970-01	/r/smallstreetbets/comments/1b7d0ji/striking_gold_in_2024_how_one_junior_miner_stands/-Unknown	Reddit
703	Global	1970-01	/r/olympics/comments/4wzqiw/phelps_usa_wins_his_second_gold_at_rio_2016_in/-Unknown	Reddit
704	Global	1970-01	/r/WallStreetbetsELITE/comments/1b7cyzc/striking_gold_in_2024_how_one_junior_miner_stands/-Unknown	Reddit
705	Global	1970-01	/r/SmallCap_MiningStocks/comments/1aha9h1/striking_gold_in_2024_how_one_junior_miner_stands/-Unknown	Reddit
706	Global	1970-01	/r/Wealthsimple_Penny/comments/1ahak2l/striking_gold_in_2024_how_one_junior_miner_stands/-Unknown	Reddit
707	Global	1970-01	/r/CanadianStockExchange/comments/1ahaln1/striking_gold_in_2024_how_one_junior_miner_stands/-Unknown	Reddit
708	Global	1970-01	/r/GMGstock/comments/zs94s8/slack_capital_stock_summary_report_graphene/-Unknown	Reddit
709	Global	1970-01	/r/realmadrid/comments/1f3cuaa/cristiano_ronaldo_im_1_goal_away_from_reaching_my/-Unknown	Reddit
710	Global	1970-01	/r/unimelb/comments/f44fyt/list_of_grad_job_programs/-Unknown	Reddit
711	Global	1970-01	/r/Treaty_Creek/comments/11txc62/mar_16_2023_mkav_completion_of_15_million/-Unknown	Reddit
712	Global	1970-01	/r/NIOCORP_MINE/comments/1kdrhar/niocorpniobiumdark_eagle_takes_flight_us_conducts/-Unknown	Reddit
713	Global	1970-01	/r/Any_News/comments/1jeqhi3/rio_tinto_stands_firm_against_shareholder_push/-Unknown	Reddit
714	Global	1970-01	/r/LaborPartyofAustralia/comments/1ijjujy/rio_tinto_is_studying_the_installation_of/-Unknown	Reddit
715	Global	1970-01	/r/mining/comments/1hi1lqy/rio_tinto_shareholders_call_for_resolution_on/-Unknown	Reddit
716	Global	1970-01	/r/WSJauto/comments/1hhtp0b/business_activist_investor_widens_call_for_review/-Unknown	Reddit
717	Global	1970-01	/r/australia/comments/gogohl/murdoch_mafia_at_it_again/-Unknown	Reddit
718	Global	1970-01	/r/Treaty_Creek/comments/1h13mgb/nov_07_2024_aldev_aldebaran_signs_option_to_joint/-Unknown	Reddit
719	Global	1970-01	/r/TheColorIsBlue/comments/1gvptu2/rio_tinto_review_shows_rise_in_rape_and_bullying/-Unknown	Reddit
720	Global	1970-01	/r/AutoNewspaper/comments/1gvphoc/world_rio_tinto_review_shows_rise_in_rape_and/-Unknown	Reddit
721	Global	1970-01	/r/GUARDIANauto/comments/1gvpfwh/world_rio_tinto_review_shows_rise_in_rape_and/-Unknown	Reddit
722	Global	1970-01	/r/ValueInvesting/comments/18xab17/rio_tinto_plc_rio/-Unknown	Reddit
723	Global	1970-01	/r/newzealand/comments/dlnoxz/rio_tinto_to_review_future_of_new_zealands/-Unknown	Reddit
724	Global	1970-01	/r/MetalsOnReddit/comments/1dwmuec/rio_tinto_graduate_program_review/-Unknown	Reddit
725	Global	1970-01	/r/pennystocks/comments/1hywu02/rvsn_pd_or_legit_opportunity_my_research_into_the/-Unknown	Reddit
726	Global	1970-01	/r/grafa/comments/1aleuie/rio_tinto_asxrio_begins_review_for_rhodes_ridge/-Unknown	Reddit
727	Global	1970-01	/r/Treaty_Creek/comments/17pvouj/nov_07_2023_regv_regulus_announces_delivery_of/-Unknown	Reddit
728	Global	1970-01	/r/Treaty_Creek/comments/175hzv0/oct_11_2023_muxto_mcewen_copper_announces_an/-Unknown	Reddit
729	Global	1970-01	/r/worldnews/comments/ifenxx/rio_tinto_executives_stripped_of_bonuses_over/-Unknown	Reddit
730	Global	1970-01	/r/NIOCORP_MINE/comments/131q6mz/niocorprio_tinto_moves_on_scandium_project_in/-Unknown	Reddit
731	Global	1970-01	/r/Treaty_Creek/comments/11dc9ca/feb_27_2023_muxto_mcewen_copper_announces_an/-Unknown	Reddit
732	Global	1970-01	/r/Treaty_Creek/comments/zsvlf8/dec_22_2022_regv_regulus_announces_us15_million/-Unknown	Reddit
733	Global	1970-01	/r/Treaty_Creek/comments/x78il4/sep_06_2022_muxto_mcewen_copper_options_elder/-Unknown	Reddit
734	Global	1970-01	/r/Treaty_Creek/comments/x2sipk/aug_31_2022_muxto_mcewen_copper_completes/-Unknown	Reddit
735	Global	1970-01	/r/australia/comments/lqgqjb/rio_tinto_executive_got_big_pay_rise_after_review/-Unknown	Reddit
736	Global	1970-01	/r/australia/comments/jn4wkb/australia_agrees_to_review_human_rights_complaint/-Unknown	Reddit
737	Global	1970-01	/r/environment/comments/k8pkgk/leaders_from_the_san_carlos_apache_tribe_have/-Unknown	Reddit
738	Global	1970-01	/r/NoFilterNews/comments/sigsvy/rworldnews/-Unknown	Reddit
739	Global	1970-01	/r/ABCaus/comments/shn9wt/everyday_sexism_and_bullying_systemic_across_rio/-Unknown	Reddit
740	Global	1970-01	/r/IndianCountry/comments/k8pjq6/leaders_from_the_san_carlos_apache_tribe_have/-Unknown	Reddit
741	Global	1970-01	/r/StateoftheUnionNONF/comments/p1fb8r/oyu_tolgoi_review_raises_doubts_over_rio_tinto/-Unknown	Reddit
742	Global	1970-01	/r/newsbotbot/comments/ooiq5l/reuters_rio_tinto_reaches_deal_to_review/-Unknown	Reddit
743	Global	1970-01	/r/newsbotbot/comments/o1uno1/reuters_indigenous_australians_say_a_bill_to/-Unknown	Reddit
744	Global	1970-01	/r/IndianCountry/comments/iqkrfo/rio_tinto_ceo_and_senior_executives_resign_from/-Unknown	Reddit
745	Global	1970-01	/r/WildForest/comments/k91nsc/leaders_from_the_san_carlos_apache_tribe_have/-Unknown	Reddit
746	Global	1970-01	/r/ABCaus/comments/lpxo5c/rio_tinto_executive_got_big_pay_rise_after_review/-Unknown	Reddit
747	Global	1970-01	/r/ASX_Bets/comments/qpzbfk/the_u3o8ultimate_asx_uranium_company_performance/-Unknown	Reddit
748	Global	1970-01	/r/worldnews/comments/hbt4mi/rio_tinto_caves_on_demands_will_release_review_of/-Unknown	Reddit
749	Global	1970-01	/r/autotldr/comments/ka62bk/aboriginal_landowners_have_called_for_a_reset_in/-Unknown	Reddit
750	Global	1970-01	/r/autotldr/comments/k9pxmc/rio_tinto_should_pay_restitution_for_sacred/-Unknown	Reddit
751	Global	1970-01	/r/autotldr/comments/iq1zt5/rio_tinto_misled_juukan_gorge_inquiry_and_cant/-Unknown	Reddit
752	Global	1970-01	/r/TwitFeed/comments/irqw5c/afr_roweafr_good_to_go_financialreview_riotinto/-Unknown	Reddit
753	Global	1970-01	/r/autotldr/comments/iqnnk9/rio_tintos_ceo_to_quit_after_anger_over/-Unknown	Reddit
754	Global	1970-01	/r/autotldr/comments/iqhj4z/rio_tinto_ceo_to_leave_over_destruction_of/-Unknown	Reddit
755	Global	1970-01	/r/autotldr/comments/iqhh9b/rio_tintos_ceo_and_two_other_top_officers/-Unknown	Reddit
756	Global	1970-01	/r/newsbotbot/comments/iqgmjj/reuters_rio_tinto_top_executives_to_step_down/-Unknown	Reddit
757	Global	1970-01	/r/NBCauto/comments/iqgiwy/world_rio_tinto_ceo_and_other_top_executives_to/-Unknown	Reddit
758	Global	1970-01	/r/autotldr/comments/iqgivn/rio_tinto_ceo_and_senior_executives_resign_from/-Unknown	Reddit
759	Global	1970-01	/r/autotldr/comments/imz9xn/rio_tinto_hired_lawyers_3_days_before_blasting_of/-Unknown	Reddit
760	Global	1970-01	/r/AutoNewspaper/comments/ifslo9/business_rio_tinto_cutting_executive_bonuses/-Unknown	Reddit
761	Global	1970-01	/r/NYPOSTauto/comments/ifsgvh/business_rio_tinto_cutting_executive_bonuses/-Unknown	Reddit
762	Global	1970-01	/r/autotldr/comments/ifm5st/rio_tinto_bosses_lose_bonuses_over_aboriginal/-Unknown	Reddit
763	Global	1970-01	/r/StateoftheUnionNONF/comments/ifl95d/rio_tinto_cuts_ceo_executives_bonuses_after_caves/-Unknown	Reddit
764	Global	1970-01	/r/newsbotbot/comments/ifjlg5/reuters_rio_tinto_cuts_ceo_executives_bonuses/-Unknown	Reddit
765	Global	1970-01	/r/OneAmericaNews/comments/ifjj9c/rio_tinto_cuts_ceo_executives_bonuses_after_caves/-Unknown	Reddit
766	Global	1970-01	/r/AutoNewspaper/comments/ifjgp5/business_rio_tinto_cuts_ceo_executives_bonuses/-Unknown	Reddit
767	Global	1970-01	/r/NBCauto/comments/ifjcrp/business_rio_tinto_cuts_ceo_executives_bonuses/-Unknown	Reddit
768	Global	1970-01	/r/TheNewsFeed/comments/ifj7za/oann_rio_tinto_cuts_ceo_executives_bonuses_after/-Unknown	Reddit
769	Global	1970-01	/r/autotldr/comments/ifhy7o/rio_tinto_strips_its_ceo_us35_million_in/-Unknown	Reddit
770	Global	1970-01	/r/NZXStockMarket/comments/i6e3uo/nzx_stock_market_7day_review_economy_news_9_aug/-Unknown	Reddit
771	Global	1970-01	/r/AutoNewspaper/comments/hc4u1z/business_rio_tinto_launches_review_into/-Unknown	Reddit
772	Global	1970-01	/r/IRISHTIMESauto/comments/hc4m5n/business_rio_tinto_launches_review_into/-Unknown	Reddit
773	Global	1970-01	/r/AutoNewspaper/comments/hc2zt3/business_rio_tinto_launches_board_review_of/-Unknown	Reddit
774	Global	1970-01	/r/NYPOSTauto/comments/hc2w1j/business_rio_tinto_launches_board_review_of/-Unknown	Reddit
775	Global	1970-01	/r/TradeBusinessNews/comments/hbw54v/rio_tinto_announces_details_of_boardled_heritage/-Unknown	Reddit
776	Global	1970-01	/r/newsbotbot/comments/hbw338/reuters_rio_tinto_starts_internal_review_into/-Unknown	Reddit
777	Global	1970-01	/r/StateoftheUnionNONF/comments/hbvpwr/rio_tinto_starts_internal_review_into_sacred/-Unknown	Reddit
778	Global	1970-01	/r/newsbotbot/comments/hbsxow/reuters_rio_tinto_starts_internal_review_after/-Unknown	Reddit
779	Global	1970-01	/r/newsbotbot/comments/hbsuqo/afp_mining_giant_rio_tinto_launches_review_of_its/-Unknown	Reddit
780	Global	1970-01	/r/TheNewsFeed/comments/hbsgsg/oann_rio_tinto_starts_internal_review_into_sacred/-Unknown	Reddit
781	Global	1970-01	/r/OneAmericaNews/comments/hbry2n/rio_tinto_starts_internal_review_into_sacred/-Unknown	Reddit
782	Global	1970-01	/r/AutoNewspaper/comments/hbr3jr/au_rio_tinto_launches_internal_review_after/-Unknown	Reddit
783	Global	1970-01	/r/SMHauto/comments/hbr0h4/au_rio_tinto_launches_internal_review_after/-Unknown	Reddit
784	Global	1970-01	/r/autotldr/comments/h074um/rio_tinto_loses_australian_indigenous_backing/-Unknown	Reddit
785	Global	1970-01	/r/conspiracywhatever/comments/gul9tu/ancient_cave_scandal_deepens_for_rio_tinto_the/-Unknown	Reddit
786	Global	1970-01	/r/autotldr/comments/gu7yw0/mining_giant_rio_tinto_has_apologised_to/-Unknown	Reddit
787	Global	1970-01	/r/australia/comments/7u551c/activist_accr_targets_rio_tinto_over_minerals/-Unknown	Reddit
788	Global	1970-01	/r/ChemicalInsightReport/comments/dsgojw/1000_series_aluminum_billets_market_overview_with/-Unknown	Reddit
789	Global	1970-01	/r/ChemicalInsightReport/comments/d5ubpf/innovative_report_on_aluminium_alloys_aerospace/-Unknown	Reddit
790	Global	1970-01	/r/UraniumNews/comments/cducu1/rio_tinto_completes_divestment_of_rössing_uranium/-Unknown	Reddit
791	Global	1970-01	/r/ChemicalInsightReport/comments/c4llk2/reduced_iron_powder_market_upcoming_trends/-Unknown	Reddit
792	Global	1970-01	/r/AustralianPolitics/comments/gogkz6/another_murdoch_smear_attacking_peoples/-Unknown	Reddit
793	Global	1970-01	/r/UraniumNews/comments/9eo0dl/fission_uranium_fcuuf_versus_rio_tinto_plc_adr/-Unknown	Reddit
794	Global	1970-01	/r/TheColorIsRed/comments/8dgrkx/rio_tinto_q1_2018_review_iron_ore_output_displays/-Unknown	Reddit
795	Global	1970-01	/r/australia/comments/bz9r1/the_four_major_banks_will_receive_a_380_million/-Unknown	Reddit
796	Global	1970-01	/r/circlejerkaustralia/comments/1kpb4rr/the_decline_of_australia_is_australia_a_political/-Unknown	Reddit
797	Global	1970-01	/r/RVSN/comments/1hywsit/rvsn_pd_or_legit_opportunity_my_background/-Unknown	Reddit
798	Global	1970-01	/r/AustralianPolitics/comments/1m478ha/anthony_albaneses_highstakes_china_strategy/-Unknown	Reddit
799	Global	1970-01	/r/aussie/comments/1lvvj8u/target_hostile_countries_not_us_drug_giant_csl/-Unknown	Reddit
800	Global	1970-01	/r/NIOCORP_MINE/comments/1nxrjlj/niocorpus_eyes_greenland_rare_earths_project_how/-Unknown	Reddit
801	Global	1970-01	/r/aussie/comments/1n092p6/long_may_she_reign_how_powerful_is_gina_rinehart/-Unknown	Reddit
802	Global	1970-01	/r/AusPol/comments/1kpb42e/the_decline_of_australia_is_australia_a_political/-Unknown	Reddit
803	Global	1970-01	/r/NIOCORP_MINE/comments/1nrsoaq/niocorpstellantis_gm_back_firm_building_magnets/-Unknown	Reddit
804	Global	1970-01	/r/NIOCORP_MINE/comments/1o4adpe/niocorp_and_the_antwerp_meeting_of_october_6_2025/-Unknown	Reddit
805	Global	1970-01	/r/NIOCORP_MINE/comments/1ntff42/niocorptrump_is_wielding_the_power_of_the_state/-Unknown	Reddit
806	Global	1970-01	/r/Australia_/comments/1kpb5a5/the_decline_of_australia_is_australia_a_political/-Unknown	Reddit
807	Global	1970-01	/r/NIOCORP_MINE/comments/1nqxika/niocorpelk_creek_project_set_to_transform_us/-Unknown	Reddit
808	Global	1970-01	/r/aussie/comments/1mkcdhp/future_not_made_with_handouts_warns_former/-Unknown	Reddit
809	Global	1970-01	/r/soccer/comments/1n4fk89/a_fan_photographs_premier_league_officials_as/-Unknown	Reddit
810	Global	1970-01	/r/Wallstreetsilver/comments/m67crx/abrasilver_one_billion_dollar_silver_junior_in/-Unknown	Reddit
811	Global	1970-01	/r/smallstreetbets/comments/1kw3f7u/uranium_stocks_5_biggest_companies_in_2025_bhp/-Unknown	Reddit
812	Global	1970-01	/r/JordanPeterson/comments/1kpav0l/the_decline_of_australia_is_australia_a_political/-Unknown	Reddit
813	Global	1970-01	/r/aussie/comments/1m1nz3s/ken_henrys_plan_for_tax_reform_economic_growth/-Unknown	Reddit
814	Global	1970-01	/r/MarketFluxHub/comments/1m0ur8x/the_daily_market_flux_your_complete_market/-Unknown	Reddit
815	Global	1970-01	/r/AustralianCulture/comments/1kpb34a/the_decline_of_australia_a_political_disgrace/-Unknown	Reddit
816	Global	1970-01	/r/LaborPartyofAustralia/comments/1lvaxut/jim_chalmers_has_warned_beijing_that_australia/-Unknown	Reddit
817	Global	1970-01	/r/pennystocks/comments/1kr6f1s/uranium_stocks_5_biggest_companies_in_2025_bhp/-Unknown	Reddit
818	Global	1970-01	/r/PoliticalOpinions/comments/1kpayho/the_decline_of_australia_is_australia_a_political/-Unknown	Reddit
819	Global	1970-01	/r/trakstocks/comments/1kr6fec/uranium_stocks_5_biggest_companies_in_2025_bhp/-Unknown	Reddit
820	Global	1970-01	/r/Optionmillionaires/comments/1l71bu3/from_the_weekend/-Unknown	Reddit
821	Global	1970-01	/r/wallstreet/comments/1kw3f2o/uranium_stocks_5_biggest_companies_in_2025_bhp/-Unknown	Reddit
822	Global	1970-01	/r/MetalsOnReddit/comments/1l3ye0u/trump_administration_advances_first_wave_of/-Unknown	Reddit
823	Global	1970-01	/r/UltimateTraders/comments/1kw3esr/uranium_stocks_5_biggest_companies_in_2025_bhp/-Unknown	Reddit
824	Global	1970-01	/r/stockfreshman/comments/1kw3enr/uranium_stocks_5_biggest_companies_in_2025_bhp/-Unknown	Reddit
825	Global	1970-01	/r/dividends/comments/1ivvvbq/building_a_dividend_allocation_for_potential/-Unknown	Reddit
826	Global	1970-01	/r/Stocks_Picks/comments/1krx146/uranium_stocks_5_biggest_companies_in_2025_bhp/-Unknown	Reddit
827	Global	1970-01	/r/SmallCap_MiningStocks/comments/1krx15t/uranium_stocks_5_biggest_companies_in_2025_bhp/-Unknown	Reddit
828	Global	1970-01	/r/collapse/comments/uvhtn6/collapseniks_who_understand_that_all_extraction/-Unknown	Reddit
829	Global	1970-01	/r/AustraliaFair/comments/1kpbdcp/the_decline_of_australia_is_australia_a_political/-Unknown	Reddit
830	Global	1970-01	/r/AusMentalHealth/comments/1kpb04h/the_decline_of_australia_is_australia_a_political/-Unknown	Reddit
831	Global	1970-01	/r/NIOCORP_MINE/comments/1k0h3br/niocorptrump_launches_probe_into_critical/-Unknown	Reddit
832	Global	1970-01	/r/NIOCORP_MINE/comments/1kbezzo/niocorpscandium_aluminumnextgen_aerospace_alloys/-Unknown	Reddit
833	Global	1970-01	/r/ReallyShittyCopper/comments/1g5w4dj/eanasir_factor/-Unknown	Reddit
834	Global	1970-01	/r/NoaLithium/comments/1jexkwy/noa_lithium_insider_clean_elements_buying_signals/-Unknown	Reddit
835	Global	1970-01	/r/NoaLithium/comments/1j81k4a/market_report_noa_lithium_positioned_to/-Unknown	Reddit
836	Global	1970-01	/r/NIOCORP_MINE/comments/1imfc9z/niocorpniobium_critical_minerals_mine_the_gap_how/-Unknown	Reddit
837	Global	1970-01	/r/WomenAreViolentToo/comments/1h42758/when_does_help_for_one_sex_become_unfair_to_the/-Unknown	Reddit
838	Global	1970-01	/r/Treaty_Creek/comments/1hifenz/dec_19_2024_tloto_talon_metals_progresses_state/-Unknown	Reddit
839	Global	1970-01	/r/pennystocks/comments/s0uszb/tesla_and_talon_metals_enter_into_supply/-Unknown	Reddit
840	Global	1970-01	/r/Treaty_Creek/comments/1h4u7hz/oct_24_2024_tloto_talon_metals_makes_new/-Unknown	Reddit
841	Global	1970-01	/r/Treaty_Creek/comments/1ha9m3j/aug_26_2024_muxto_100_renewable_energy_for_los/-Unknown	Reddit
842	Global	1970-01	/r/Treaty_Creek/comments/1h79d04/dec_03_2024_muxto_mcewen_copper_secures/-Unknown	Reddit
843	Global	1970-01	/r/Treaty_Creek/comments/1h4u70b/nov_19_2024_tloto_talon_metals_michigan_update/-Unknown	Reddit
844	Global	1970-01	/r/PennyCatalysts/comments/1g6mh3f/an_overview_of_element79_gold_cseelem_otcelmgf/-Unknown	Reddit
845	Global	1970-01	/r/trakstocks/comments/1gaevt1/an_overview_of_element79_gold_cseelem_otcelmgf/-Unknown	Reddit
846	Global	1970-01	/r/pennystocks/comments/1g9niph/an_overview_of_element79_gold_cseelem_otcelmgf/-Unknown	Reddit
847	Global	1970-01	/r/Pennystock/comments/1g9nix8/an_overview_of_element79_gold_cseelem_otcelmgf/-Unknown	Reddit
848	Global	1970-01	/r/NIOCORP_MINE/comments/1do2fyp/niocorptitanium_in_the_news_investing_in/-Unknown	Reddit
849	Global	1970-01	/r/Stocks_Picks/comments/1gaevvb/an_overview_of_element79_gold_cseelem_otcelmgf/-Unknown	Reddit
850	Global	1970-01	/r/SmallCapStocks/comments/1gaf5fb/an_overview_of_element79_gold_cseelem_otcelmgf/-Unknown	Reddit
851	Global	1970-01	/r/smallstreetbets/comments/1g9njod/an_overview_of_element79_gold_cseelem_otcelmgf/-Unknown	Reddit
852	Global	1970-01	/r/Penny_Stocks/comments/1g9nj34/an_overview_of_element79_gold_cseelem_otcelmgf/-Unknown	Reddit
853	Global	1970-01	/r/NIOCORP_MINE/comments/1g3dsm1/niocorpthe_payne_institute_2024_critical_minerals/-Unknown	Reddit
854	Global	1970-01	/r/Wealthsimple_Penny/comments/1g6mb8n/an_overview_of_element79_gold_cseelem_otcelmgf/-Unknown	Reddit
855	Global	1970-01	/r/NIOCORP_MINE/comments/1fnid2p/niocorpcritical_titanium_is_on_our_doorstepdod/-Unknown	Reddit
856	Global	1970-01	/r/WallStreetbetsELITE/comments/1g6mb0g/an_overview_of_element79_gold_cseelem_otcelmgf/-Unknown	Reddit
857	Global	1970-01	/r/Optionmillionaires/comments/1fzpj9l/prepper/-Unknown	Reddit
858	Global	1970-01	/r/Optionmillionaires/comments/1fy6ur6/wall_street_breakfast/-Unknown	Reddit
859	Global	1970-01	/r/Canadapennystocks/comments/1ffw8wq/an_overview_of_element79_gold_cseelem_otcelmgf/-Unknown	Reddit
860	Global	1970-01	/r/NIOCORP_MINE/comments/1di13dr/niocorpus_sourced_niobium_scandium_titanium_rare/-Unknown	Reddit
861	Global	1970-01	/r/Treaty_Creek/comments/1foalfl/sep_04_2024_svbto_arras_minerals_commences/-Unknown	Reddit
862	Global	1970-01	/r/CanadaStocks/comments/1ffw89x/an_overview_of_element79_gold_cseelem_otcelmgf/-Unknown	Reddit
