ID,用户名,评论Karma,链接Karma,用户创建时间,用户时区
1,TheMagicMan56,72483,37243,1567877564.0,UTC
2,Ptolemy222,4529,7446,1478728512.0,UTC
3,jayrye,874,12993,1293727915.0,UTC
4,WinningWatchlist,18915,35567,1703491468.0,UTC
5,Guardax,1010678,470437,1340391097.0,UTC
6,peterk6,12101,2436,1526730696.0,UTC
7,GeorgeYDesign,23948,122407,1522843675.0,UTC
8,JuniorStocksCom,0,989,1724179107.0,UTC
9,Ok-Calligrapher-5848,477,27,1679053701.0,UTC
10,rdfporcazzo,196188,120850,1473101497.0,UTC
11,GambleResponsibly,67340,9913,1465698275.0,UTC
12,this0great,2202,14269,1525317834.0,UTC
13,falisimoses,99604,59123,1319444014.0,UTC
14,CrosslinkR,162,641,1601261187.0,UTC
15,MLS_Roundup,24,1,1425898371.0,UTC
16,autotldr,3697355,338005,1327941580.0,UTC
17,danrata,506,344,1584427604.0,UTC
18,NV_Geo,12978,186,1368149428.0,UTC
19,Stress_Federal,0,0,0.0,UTC
20,PBR--Streetgang,0,0,0.0,UTC
21,galaxystars1,489236,2222009,1600546912.0,UTC
22,Mymerrybean,15795,7832,1534935230.0,UTC
23,Africamining,26,712,1477463219.0,UTC
24,chongas,2783,20667,1358443127.0,UTC
25,stabbinU,69494,177521,1378180472.0,UTC
26,Mindless-Name-6598,60,64,1666598372.0,UTC
27,SinjiOnO,279894,3949154,1343064865.0,UTC
28,stackingpeasant,895,1433,1669380529.0,UTC
29,MannerNo7000,132553,264258,1712746978.0,UTC
30,glengyron,83694,25980,1161297521.0,UTC
31,Spiritual-Range-6101,121782,23805,1630256567.0,UTC
32,lord-illidan-1,1504,312,1678702664.0,UTC
33,eightdown,1357,477,1357270330.0,UTC
34,Relevant-Positive619,721,356,1675964147.0,UTC
35,chopchopped,7299,321864,1422699545.0,UTC
36,KitcoNews,0,1174,1301463326.0,UTC
37,StrategyTop7612,160570,144992,1633199947.0,UTC
38,Own-Fox-1323,26,48,1721560592.0,UTC
39,Systemshock1994,8489,15445,1660011666.0,UTC
40,IzzyVPerira3-1,18744,5287,1682735609.0,UTC
41,Mr-Bong-and-Dr-High,4266,1091,1633259886.0,UTC
42,Reshan_Rashid,94,2252,1544535677.0,UTC
43,WittyThingHere,5201,51967,1440587163.0,UTC
44,Grogie,12522,3693,1369159161.0,UTC
45,Chemistryset8,63284,1213,1457819426.0,UTC
46,Kooky_Minimum_8022,659,261,1606889725.0,UTC
47,TheHorseSizedDuck,5669,8855,1354811698.0,UTC
48,idcman999,26103,141071,1704856592.0,UTC
49,RidingDeath,107,15,1538888425.0,UTC
50,MaleShepherd_19,108,38,1681610376.0,UTC
51,Igna5,479,496,1535248616.0,UTC
52,CommonwealthGrant,21918,26213,1709186571.0,UTC
53,peixe88,408,227,1451173953.0,UTC
54,farFocalPoint,2172,2692,1605675169.0,UTC
55,PolishDev92,238,90,1576226109.0,UTC
56,madazzahatter,169988,6473927,1377052529.0,UTC
57,arbili,742001,2065645,1356922832.0,UTC
58,canyoudoitforme,3356,14907,1698861881.0,UTC
59,Tomahawkin95,91876,125528,1419115562.0,UTC
60,Resident_Discussion5,373,6193,1604952363.0,UTC
61,GreatToSea,0,0,0.0,UTC
62,ThornyPlebeian,125834,138550,1274156820.0,UTC
63,DaRedGuy,139867,372764,1493976691.0,UTC
64,cyclinginvancouver,199943,1574958,1433870761.0,UTC
65,binogamer21,52813,49024,1513668836.0,UTC
66,r3d_d3vil11,540,375,1500305392.0,UTC
67,Dullahen,0,0,0.0,UTC
68,portiss50,1792,1549,1455867174.0,UTC
69,xbettel,191552,728604,1418736883.0,UTC
70,ZeBloodyStretchr,23320,6818,1600089724.0,UTC
71,espersooty,67848,154125,1570190646.0,UTC
72,LittleMissFirebright,175829,267663,1508279360.0,UTC
73,OrazioGrinzosii,118,114,1613549464.0,UTC
74,PanzerBiscuit,104800,9822,1467873757.0,UTC
75,Wagamaga,507488,13037835,1401896229.0,UTC
76,xbhaskarx,372463,989183,1315989742.0,UTC
77,pir0man,208,21,1499516590.0,UTC
78,route_out_of_serfdom,366,445,1611738200.0,UTC
79,agorafilia,79017,57964,1586524698.0,UTC
80,Shady_Slim,19411,928574,1383975282.0,UTC
81,weseewhatyoudo,31109,177,1653324876.0,UTC
82,animere,37724,24037,1310964529.0,UTC
83,Redfrixa,5916,20522,1630062404.0,UTC
84,aiaor,48202,6326,1522404280.0,UTC
85,ACTPOCBET,145966,42478,1609341139.0,UTC
86,_SmartDeer_,42,11,1702786110.0,UTC
87,MrAnnoyingCookie,2905,19174,1498524803.0,UTC
88,liveInvestments,0,440,1630393267.0,UTC
89,ArfurPint,325,7986,1196041827.0,UTC
90,trennart,46,66,1405989918.0,UTC
91,lily_eclipse,2414,47454,1723563075.0,UTC
92,ClipFH,8985,982,1457360347.0,UTC
93,Altruistic_Pumpkin45,13,7,1651571147.0,UTC
94,jimmycomet999,0,0,0.0,UTC
95,Bansionboy,3692,668,1733492222.0,UTC
96,CringeControl1,6175,4066,1513484028.0,UTC
97,TrichoSearch,0,0,0.0,UTC
98,Weak-Efficiency9879,0,95,1710769866.0,UTC
99,globalroadtech,-1,188,1610439558.0,UTC
100,MrScepticOwl,18802,40448,1600772227.0,UTC
101,plantanddoglady,3459,11206,1549830776.0,UTC
102,Space_Samourai,720,8974,1730322358.0,UTC
103,Ice_Visor,0,0,0.0,UTC
104,Confident-Profile143,4749,30995,1611153253.0,UTC
105,whygeorgia,2239,6441,1305431577.0,UTC
106,wakerdan,68370,8964,1397455667.0,UTC
107,Business_Lie9760,0,0,0.0,UTC
108,No-Speaker1894,0,1,1720575140.0,UTC
109,PlatypusDiligent2374,17,22,1604864646.0,UTC
110,azbukovac,0,0,0.0,UTC
111,goddess_0505,39,66,1710182981.0,UTC
112,Moldavite,-100,25057,1178802128.0,UTC
113,TheKnightsWhoSayNi,504,7858,1222177734.0,UTC
114,Special_Hyena4296,34774,337,1624400868.0,UTC
115,chjamison,2221,278,1479231251.0,UTC
116,ABondaxFan,27125,5121,1392956617.0,UTC
117,joaco_ds,199017,752643,1660505150.0,UTC
118,ExploreMoreMysteries,0,0,0.0,UTC
119,azavio,1331,27295,1604532131.0,UTC
120,killosaur,26040,2580,1424011815.0,UTC
121,chabanais,0,0,0.0,UTC
122,MightBeneficial3302,30,3609,1654276029.0,UTC
123,mk30,3854,1117,1387517317.0,UTC
124,OldChildy,34,297,1571596900.0,UTC
125,customnewspk,-100,964,1548307536.0,UTC
126,Jobis08,529,5429,1594779455.0,UTC
127,OftenSilentObserver,80181,103051,1341035339.0,UTC
128,pinton96,18347,405,1526204809.0,UTC
129,tabledresser,9302,4,1329485716.0,UTC
130,kharkuss,52,397,1568575744.0,UTC
131,DragonSlayer271,35122,194899,1520212229.0,UTC
132,readerseven,86765,2768075,1280864159.0,UTC
133,Upstairs_Cup9831,43245,101133,1698782944.0,UTC
134,French-Caller,22776,80286,1666727000.0,UTC
135,peterboykin,2611,29765,1402440805.0,UTC
136,SzechuanSocialist,1173,910,1611884994.0,UTC
137,BunyipPouch,3748843,15268341,1356903997.0,UTC
138,whatsupdickhead,321,1,1416186059.0,UTC
139,california-science,0,0,0.0,UTC
140,Aggravating-Split128,18,11804,1753197096.0,UTC
141,doubleoeck1234,505857,583762,1560756802.0,UTC
142,bigbear0083,13046,269994,1386681167.0,UTC
143,current-seven,4782,26341,1741147093.0,UTC
144,DreGu90,33712,159035,1569025961.0,UTC
145,s1n0d3utscht3k,255839,707382,1462437291.0,UTC
146,Zerutor,15327,34691,1525513674.0,UTC
147,Greedy-Egg-624,13,1622,1622511052.0,UTC
148,SloPr0,16646,86207,1320930655.0,UTC
149,bighootay,185113,38996,1388984259.0,UTC
150,bluethecoloris,6,42274,1465677741.0,UTC
151,SnooLemons474,252,394825,1593982905.0,UTC
152,always_on_top123,1953,440,1566522863.0,UTC
153,oysterskillpatrick,132,5091,1527180598.0,UTC
154,Tara_is_a_Potato,551858,1688816,1522096876.0,UTC
155,mikerodger,24,110,1285967124.0,UTC
156,General_Can2576,115580,68336,1609230160.0,UTC
157,Calculated-Punt,16426,4061,1599557199.0,UTC
158,SoniadoraSuenosRotos,448,307,1756926991.0,UTC
159,Fearofmissingout56,0,0,0.0,UTC
160,Upset-Bus7306,1076,4378,1710275306.0,UTC
161,Snoo_88025,3004,1083,1593705210.0,UTC
162,MarketFlux,190,3394,1662143520.0,UTC
163,Pootle001,12726,4533,1414444820.0,UTC
164,RandomUser1076,0,0,0.0,UTC
165,Perfect-Werewolf-102,72170,17513,1719911835.0,UTC
166,socialmux,383,1554,1407004654.0,UTC
167,BF5lagsssss,7305,20171,1581352030.0,UTC
168,DannyDeCheetoBurrito,11397,571,1601043186.0,UTC
169,FCowperwood,1240,12049,1437037961.0,UTC
170,GrafaCharts,0,389,1607399622.0,UTC
171,giizmo_uk,1232,2200,1608392109.0,UTC
172,vicevesta,0,180,1253740109.0,UTC
173,Meatball_666,2300,37905,1551020454.0,UTC
174,gamaby,572,3558,1711710593.0,UTC
175,spicy_burner_account,31,1,1736340104.0,UTC
176,Chingchongtehasian,3531,11535,1488893036.0,UTC
177,sinray,335,1227,1361095055.0,UTC
178,DisasterUpdate,1797,631342,1700192637.0,UTC
179,MarkAALERa,0,13394,1548317754.0,UTC
180,pricac_dpm,12254,26162,1704401860.0,UTC
181,ExercisingTheElderly,33674,32822,1444107580.0,UTC
182,treesrlyfe,1916,137,1595392683.0,UTC
183,nattsd,127877,10803,1574712535.0,UTC
184,WoolsonDaSheep,643,228914,1757783173.0,UTC
185,Craftsman4,12,67,1635130080.0,UTC
186,Public-Purpose-1390,1869,2734,1704068800.0,UTC
187,uced_meljok,324,43,1595764926.0,UTC
188,busyship1514,471,1012,1753289097.0,UTC
189,GabrielLGN,8921,39231,1494699235.0,UTC
190,Chico237,857,3754,1668080574.0,UTC
191,vaniok56,722,33804,1561548436.0,UTC
192,IamAMiningEngineer,12268,734,1438018018.0,UTC
193,Anotherbadsalmon,15341,32332,1326849825.0,UTC
194,Siteengineerthrow,13,2,1575935422.0,UTC
195,Clear-Strike6640,121266,32310,1717773099.0,UTC
196,BixKoop,7676,13341,1456981138.0,UTC
197,Kitten-Smuggler,6552,1952,1427549452.0,UTC
198,hiebertw07,28359,11082,1361813402.0,UTC
199,cynicalaa22,22388,186561,1337289908.0,UTC
200,Seksybo,168,673,1676747182.0,UTC
201,brandonw00,78781,7559,1283176573.0,UTC
202,shake4shake,23351,29820,1512497883.0,UTC
203,moistener,1016,15129,1295894053.0,UTC
204,Fiorell13,39128,91524,1684343864.0,UTC
205,GoldVentures,1110,1022,1611742632.0,UTC
206,Tiny-Mulberry-2114,77461,3111,1625621621.0,UTC
207,Jafar_Pantalone,1904,6710,1599356399.0,UTC
208,His_Holiness,113575,349602,1360682898.0,UTC
209,thefeedbot,0,0,0.0,UTC
210,RockMech,5414,151,1396549523.0,UTC
211,Fuckoff555,135282,3401517,1489522212.0,UTC
212,Mediumshieldhex,9503,650,1557315864.0,UTC
213,realFinerd,5372,2035,1734647607.0,UTC
214,NoteChoice7719,128152,43268,1642720053.0,UTC
215,s18m,24104,139771,1359058149.0,UTC
216,VegemiteSucks,18964,189120,1433738896.0,UTC
217,Saskroofer,153,260,1517771040.0,UTC
218,rstevens94,3844,325593,1354314776.0,UTC
219,Suplewich,215716,113018,1385942689.0,UTC
220,jonno_5,4876,2669,1384724420.0,UTC
221,Kindly_Mixture8350,7,7,1720245694.0,UTC
222,cone_of_optimism,1095,1590,1600802898.0,UTC
223,html9420,481,1079,1752842824.0,UTC
224,Leland-Gaunt-,3491,25955,1684530988.0,UTC
225,MrServetel,1922,1825,1487248632.0,UTC
226,Time-Heron-2361,11038,1114,1686005506.0,UTC
227,knockw,312,1,1600259250.0,UTC
228,MrScatterBrained,24782,263055,1378886838.0,UTC
229,Few_Simple9049,115367,720649,1598993731.0,UTC
230,RottenAvo,-50,3,1656324733.0,UTC
231,QuantalyticsResearch,740,19662,1503690330.0,UTC
232,Skrylfr,51181,33020,1444644930.0,UTC
233,silentonc,0,0,0.0,UTC
234,LindyNet,372715,118964,1378752969.0,UTC
235,OveratedUsername,1348,433,1610143050.0,UTC
236,boinabbc,42,7058,1433798721.0,UTC
237,Dench_Duffster,15538,24171,1443808125.0,UTC
238,toby9562,5452,949,1494911236.0,UTC
239,mizaru667,1847,8239,1586265788.0,UTC
240,RimputapaChimbunaba,8064,1446,1696421331.0,UTC
241,KenyanJesus69,1435,340,1629020676.0,UTC
242,anderlants,0,0,0.0,UTC
243,MillennialBets,2363,19364,1615212666.0,UTC
244,algunsdias,7483,8431,1725411908.0,UTC
245,RedRavens,12052,5271,1359222421.0,UTC
246,ripyourbloodyarmsoff,94124,108129,1451308605.0,UTC
247,3STmotivation,20262,14224,1561308725.0,UTC
248,Yeeslander,426016,1821875,1321755360.0,UTC
249,ExplicitGG,54066,36113,1341182588.0,UTC
250,Past-Replacement-528,15,17,1639092188.0,UTC
251,bomb3rman,2513,8748,1253083602.0,UTC
252,ccoaster,1,7,1227151358.0,UTC
253,freudian_nipps,202430,5763699,1405004148.0,UTC
254,dalmani,0,5545,1464365629.0,UTC
255,Sarn3k,6,11,1622841934.0,UTC
256,TribalSoul899,192912,41638,1704368769.0,UTC
257,KaradjordjevaJeSushi,1823,234,1742402237.0,UTC
258,2028W3,88694,56893,1636262239.0,UTC
259,Vegetable-Mousse4405,13365,553206,1655561361.0,UTC
260,DripOnRepeat,365,100,1543067286.0,UTC
261,NewsElfForEnterprise,0,22805,1608519103.0,UTC
262,krusader42,66466,4667,1317583596.0,UTC
263,Boomer280,27931,1232,1655614746.0,UTC
264,agreen8919,1730,1242,1612845735.0,UTC
265,Responsible_Trip_181,-3,6,1657529924.0,UTC
266,amir_twist_of_fate,8248,35063,1566511341.0,UTC
267,lukalux3,63328,468439,1560420446.0,UTC
268,DudeMakers3,0,0,0.0,UTC
269,LineNoise,739422,1626008,1130821200.0,UTC
270,TearRepresentative56,16158,160713,1624666824.0,UTC
271,camer_000,6140,17039,1429907273.0,UTC
272,Unfair_Explanation53,81681,911,1607303904.0,UTC
273,lazylagoon5,621,1738,1562919901.0,UTC
274,tobesonic,684,117,1753713258.0,UTC
275,dreammanalishi,0,0,0.0,UTC
276,pintord,44881,80020,1557679761.0,UTC
277,JustNotFatal,23224,285,1516944924.0,UTC
278,thetradercentral,0,1,1302664008.0,UTC
279,TrBrKi,265,2128,1498194484.0,UTC
280,AI-tech-pro,3,274,1652221413.0,UTC
281,Low_Bad3463,130,283,1611740148.0,UTC
282,Waste-Ad8133,3471,9354,1662851553.0,UTC
283,Lobsty501,22857,29371,1316299621.0,UTC
284,Longjumping-Moose-55,645,348,1601888999.0,UTC
285,propertyfellow,217,669,1429152941.0,UTC
286,nostrawberries,88814,17103,1471097074.0,UTC
287,purpletom,1506,328,1313674064.0,UTC
288,jewishSpaceMedbeds,143140,699,1618578951.0,UTC
289,Knighty93,30338,43614,1555538718.0,UTC
290,nuttybudd,117447,526520,1365015915.0,UTC
291,ChickMangione,13836,7121,1411062500.0,UTC
292,Rook_Wilt1,12,45,1659053541.0,UTC
293,solateor,715474,6763238,1334633292.0,UTC
294,robrgts,537,312,1659967665.0,UTC
295,yourSAS,77311,2165440,1467204276.0,UTC
296,DallasTheLab,1206,760,1573199790.0,UTC
297,ledim35,60450,629787,1664737831.0,UTC
298,cooldrummer1208,1152,169646,1529775254.0,UTC
299,GRL00,52417,285996,1728330486.0,UTC
300,TheAceVenturrra,9521,2377,1569320048.0,UTC
301,printial,48747,159072,1606473333.0,UTC
302,ai_classix,3,4,1632491516.0,UTC
303,ftcnt,78,10271,1196008909.0,UTC
304,Buran1988,110,221,1538709826.0,UTC
305,predictany007,773,264012,1649697225.0,UTC
306,Fwoggie2,166659,169640,1391357969.0,UTC
307,Asktraders_com,0,30,1755168773.0,UTC
308,qavarncapital,0,0,0.0,UTC
309,rstlg,1949,114185,1539780843.0,UTC
310,Fugaazzi,9361,6718,1610148589.0,UTC
311,No_Assistance_6809,0,1,1637841362.0,UTC
312,cwajgapls,46083,140797,1550198444.0,UTC
313,JorWat,66983,126399,1327968704.0,UTC
314,james8475,11669,130178,1408047161.0,UTC
315,Sanlear,260844,1751934,1378417157.0,UTC
316,keverw,225,65,1310009015.0,UTC
317,SuccessExtreme4373,2394,936,1639780444.0,UTC
318,pickle_kittens,387,186,1614798940.0,UTC
319,tailendertripe,34292,71499,1419813359.0,UTC
320,rjstrikers,0,10,1333962342.0,UTC
321,SinonSimp,543,8049,1631746069.0,UTC
322,ughsmugh,10961,467120,1561691136.0,UTC
323,CaseGraham,34,12,1473865733.0,UTC
324,LoreChano,213886,123889,1432253930.0,UTC
325,eskudowixu,52,575,1669235502.0,UTC
326,buffalobillkimo,10027,99544,1409131827.0,UTC
327,ManWithDominantClaw,391782,60063,1348443710.0,UTC
328,acej23fun,1418,147,1544062707.0,UTC
329,No_Ad9221,10,8,1595938792.0,UTC
330,wowagressive,7632,368,1627734584.0,UTC
331,jjlew080,96822,605348,1361371102.0,UTC
332,No-Dingo-5634,54,7,1745743684.0,UTC
333,Sunvmikey,8080,5733,1561469558.0,UTC
334,toni_kr00s,6103,34301,1505194844.0,UTC
335,huie6173,107,35,1617196567.0,UTC
336,AngieyBrady,0,0,0.0,UTC
337,Comprehensive-Step32,79,154,1601735365.0,UTC
338,mczorg,2766,1113,1255314842.0,UTC
339,Addicted2sax,0,0,0.0,UTC
340,SlimJones123,0,0,0.0,UTC
341,Undercover-Cactus,39893,172042,1453387850.0,UTC
342,imotep95,0,0,0.0,UTC
343,Wood_Lizard,45,567,1716722880.0,UTC
344,finnagains,0,0,0.0,UTC
345,gulabjamunyaar,144460,1084505,1421052206.0,UTC
346,winningsmada,10617,44875,1736455309.0,UTC
347,DexterMilburn,80,359,1426990934.0,UTC
348,terminalxposure,198689,21532,1314580351.0,UTC
349,MarketNewsFlow,9,1652,1725737337.0,UTC
350,pepepig13,271,151,1522246372.0,UTC
351,Few-Common345,26,1,1726156622.0,UTC
352,sterlingback,45113,1776,1616837586.0,UTC
353,KraizeKluts,0,0,0.0,UTC
354,nozyPsyn,17,7,1743978375.0,UTC
355,DWJones28,6302,173084,1608909032.0,UTC
356,Wonder10x,96983,413303,1546201943.0,UTC
357,Pandafour20,7672,211509,1590736859.0,UTC
358,bill_loney538,30963,225836,1649048572.0,UTC
359,sfredditor,1618,1057,1269599421.0,UTC
360,apple_kicks,979397,1105932,1316607180.0,UTC
361,yafikprokhas1504,193,2634,1652417897.0,UTC
362,vitorgrs,200830,139649,1439503979.0,UTC
363,Mr_Unfuqwitable,7000,65976,1511395185.0,UTC
364,stubborny,37669,1717,1654640653.0,UTC
365,ChocolateTsar,111849,718712,1497628425.0,UTC
366,Grljush_R_Krljusht,3632,17266,1348443849.0,UTC
367,Flashy-Book-4000,133,4940,1757428106.0,UTC
368,desipis,11632,3583,1346820202.0,UTC
369,upbstock,1290,42142,1457371601.0,UTC
370,logrono,848,1075,1520109893.0,UTC
371,Sad-Temperature-8763,-49,23,1704498953.0,UTC
372,YouHeardTheMonkey,25062,693,1615885472.0,UTC
373,jhngalt,31,2370,1510620515.0,UTC
374,nuttyhardshite,11056,2839,1398840053.0,UTC
375,GallowBoob,1110732,35723289,1412674720.0,UTC
376,Important_Nobody_000,1698,2384,1611919804.0,UTC
377,OisforOwesome,351702,59445,1406279394.0,UTC
378,Ok_Review6237,549,316,1700849563.0,UTC
379,flatman_88,40458,3554,1550750032.0,UTC
380,nimobo,1884,3884922,1378389918.0,UTC
381,housecatspeaks,29403,227932,1362519316.0,UTC
382,Nouri34ever,165958,188009,1547681859.0,UTC
383,RealRock_n_Rolla,39563,2120137,1603175664.0,UTC
384,RoomMain5110,61766,662,1620699955.0,UTC
385,AnotherMansCause,10433,153924,1345142566.0,UTC
386,Homeschool4,4,1,1692719980.0,UTC
387,james33299,44,66054,1514514457.0,UTC
388,pcsbor,540,7192,1485804148.0,UTC
389,PaddlingUpShitCreek,29095,15690,1627438309.0,UTC
390,KA012345,1073,5126,1628012037.0,UTC
391,XiPingTing,12415,5779,1533388819.0,UTC
392,kurtios,139546,201362,1322713295.0,UTC
393,Mui_gogeta,3373,1765,1551413181.0,UTC
394,papasfritas,460990,78862,1249989611.0,UTC
395,reddit_feed_bot,0,0,0.0,UTC
396,MoreLikeVoss,2,5737,1468820617.0,UTC
397,BLTakenusername,28073,57232,1587859283.0,UTC
398,Aykay92,31710,144,1529823436.0,UTC
399,Ok_Grapefruit_1001,262,2274,1638354177.0,UTC
400,Cynophilis,118,9876,1607160900.0,UTC
401,PlumTuckeredOutski,3399,9581,1728296950.0,UTC
402,RealSaltLakeRioT,5338,19392,1371231036.0,UTC
403,Front-Page_News,2379,4278,1608196197.0,UTC
404,-en-,12647,131887,1490154163.0,UTC
405,kosse_ca,2922,4140,1677252911.0,UTC
406,Badboyardie,6943,8768,1550274767.0,UTC
407,engelk,25814,32653,1278456540.0,UTC
408,DoremusJessup,286881,9565663,1318441120.0,UTC
409,freexe,152294,753,1155915887.0,UTC
410,WarryHilson,24312,11022,1724631534.0,UTC
411,PNWQuakesFan,122036,5210,1358194936.0,UTC
412,Coramoor_,78932,12883,1323964954.0,UTC
413,PlusRabbit7161,985,312,1757497960.0,UTC
414,B0ssc0,272837,683363,1452908944.0,UTC
415,Steevo_no_jackass,3000,64337,1472707130.0,UTC
416,Aleksandar_Pa,246634,9934,1582734357.0,UTC
417,BuckieD,3203,3122,1509896209.0,UTC
418,Big_Goldberg,1054,27,1686828883.0,UTC
419,cheaptissueburlap,35781,6145,1564310933.0,UTC
420,pokeatoke,158,63,1334003984.0,UTC
421,1baby2cats,70602,22152,1593808496.0,UTC
422,iamthemayor,4942,5220,1307360653.0,UTC
423,confusedneedhelp2,0,0,0.0,UTC
424,anutensil,97233,4784055,1248740194.0,UTC
425,sktafe2020,27391,63435,1583134918.0,UTC
426,SouthpawSorcery,7502,441,1457119824.0,UTC
427,Magistar_Idrisi,147755,21046,1559492644.0,UTC
428,Asad_OG,59316,264583,1499701579.0,UTC
429,racheuphist,3442,715,1364847332.0,UTC
430,assbasco,14500,589,1317966570.0,UTC
431,Probz1892,5036,3765,1401259145.0,UTC
432,pnewell,114540,5835752,1340897842.0,UTC
433,TheGinger1s,428063,284831,1603493646.0,UTC
434,Lelandwasinnocent,51717,25598,1605186890.0,UTC
435,RickyOzzy,40780,1208638,1469854649.0,UTC
436,Joyride_10,81,12,1351024503.0,UTC
437,ASX_News,140,224,1690893595.0,UTC
438,AMPA-R,1255,140,1422657686.0,UTC
439,Temporary_Noise_4014,68,1587,1665763814.0,UTC
440,MigalooMan,0,0,0.0,UTC
441,loyalcorn,4112,5228,1660786131.0,UTC
442,MrKevinRudd,66603,25632,1508906951.0,UTC
443,MrVioleGrace,2619,4559,1562266813.0,UTC
444,chuboy91,24927,8208,1326622192.0,UTC
445,Kotrogep,124,848,1747291841.0,UTC
446,Gryningsvisa,117,1196,1640068142.0,UTC
447,aussiekinga,224773,33071,1315876393.0,UTC
448,LexicalHealing,1726,114,1611723073.0,UTC
449,CousinJacksGhost,3327,460,1601568234.0,UTC
450,josylad,91,406,1254834076.0,UTC
451,teaheat,451,211,1599178067.0,UTC
452,RuminatorNZ,22747,112147,1392937447.0,UTC
453,TheBiasedSportsLover,199175,723222,1676114409.0,UTC
454,InvestMinute24,114,691,1543245651.0,UTC
455,coopstudent1924,0,1,1550283548.0,UTC
456,Next_Willingness_333,682,352,1643751698.0,UTC
457,SubstantialScale3212,1,322,1740468206.0,UTC
458,perumining,31,17,1619408393.0,UTC
459,1-2-ScoobyDoo,277,78,1700416241.0,UTC
460,Zack,128840,1008590,1150132304.0,UTC
461,OptIndxer,3523,611,1610358218.0,UTC
462,Ardeet,69826,267849,1307964351.0,UTC
463,TwitFeedBot,0,2413,1596801348.0,UTC
464,dazedjosh,171051,93436,1302789895.0,UTC
465,HiImSuperman101,16095,9957,1577748184.0,UTC
466,Ignatius_Reillys_Hat,40309,55166,1585873647.0,UTC
467,IchiroSkywalker,45049,108702,1627902372.0,UTC
468,Scared_Location_4893,4023,423,1681311727.0,UTC
469,External-Noise-4832,0,0,0.0,UTC
470,luckystrikes911,44,37,1634798689.0,UTC
471,Prudent-Law3379,18,8,1598393009.0,UTC
472,GeeWhillickers,337147,142923,1495241479.0,UTC
473,antifacist,2825,18380,1232236263.0,UTC
474,ratonMODESTO,11256,5079,1331532316.0,UTC
475,Roggers_Eva,1,2,1560922019.0,UTC
476,I_Cant_Draw_G00d,4846,11456,1533302947.0,UTC
477,the_maddest_kiwi,0,0,0.0,UTC
478,PestySamurai,115022,18683,1357943021.0,UTC
479,Maestroszq,27045,65775,1611850231.0,UTC
480,coinfanking,1749,92614,1611960955.0,UTC
481,whalesun_,9537,1285,1590591769.0,UTC
482,SaulKD,40258,628530,1295408557.0,UTC
483,ExistingPain9212,2318,37626,1733817495.0,UTC
484,Notaniphone,13435,589,1302150262.0,UTC
485,Exact-Primary4907,0,1,1725955696.0,UTC
486,Molino_de_viente,635,90,1560574304.0,UTC
487,Yanrogue,1179740,282217,1326595501.0,UTC
488,elvenrunelord,0,0,0.0,UTC
489,mynamesbondjamesbond,518,1611,1509684411.0,UTC
490,chambee,106349,1678,1260381719.0,UTC
491,helenistik,8669,263079,1527718696.0,UTC
492,encore208,3028,625,1596519617.0,UTC
493,GriffinFTW,46823,1943578,1518052501.0,UTC
494,Veritas_McGroot,29795,4366,1612405853.0,UTC
495,BrunoXing2004,123,24,1627239333.0,UTC
496,y_angelov,2978,7839,1510910187.0,UTC
497,hydralime,195822,257307,1519611330.0,UTC
498,GlobalWFundfEP,14145,70236,1576987035.0,UTC
499,Nerd-Werker,1269,18920,1655227189.0,UTC
500,WinterPlanet,309788,295868,1552327156.0,UTC
501,Admin_istrator,6451,405,1612260774.0,UTC
502,Imared,0,6244,1456165809.0,UTC
503,W_xpert,13463,57674,1645557818.0,UTC
504,One_percentile,28800,1290073,1613807317.0,UTC
505,lll1572002,1003,10085,1645806137.0,UTC
506,iBleeedorange,0,0,0.0,UTC
507,Beginning_Winner_941,1379,696,1665922020.0,UTC
508,erdy--,1241,1361,1590349355.0,UTC
509,surajpalange,0,32,1549276086.0,UTC
510,khark33,1328,214728,1732830421.0,UTC
511,Fun_Baker_5843,2,7,1753721712.0,UTC
512,L1011fan,615,1431,1611793688.0,UTC
513,Sweet-heart-sweet,23,5775,1461439180.0,UTC
514,Incara1010,28824,20408,1307559210.0,UTC
515,Johndane432,1,1,1664504061.0,UTC
516,stubborn_hippo_22o3,1064,5642,1685993042.0,UTC
517,No_Cold7123,28,46,1697047426.0,UTC
518,fukshit,9807,23265,1397865961.0,UTC
519,Rippedyanu1,26298,3038,1469410842.0,UTC
520,crazybartur,99722,30922,1516647651.0,UTC
521,cl3ft,145059,7932,1154301923.0,UTC
522,Loud-Ad-2280,251373,1048987,1620391905.0,UTC
523,TrickerySnog,83,89,1396833306.0,UTC
524,neo01123,8,6,1327706807.0,UTC
525,PhotoInternational64,2,560,1632361048.0,UTC
526,Chii,207570,38699,1201923591.0,UTC
527,catleya,14,403,1317469082.0,UTC
528,Pretend-Two-2115,0,103,1616965023.0,UTC
529,iSamurai,178668,432685,1330766950.0,UTC
530,yothuyindi,52288,24371,1441004285.0,UTC
531,Separate_Business880,25889,1979,1658867276.0,UTC
532,ItchyAirport,20143,14259,1579126758.0,UTC
533,AutoNewsAdmin,10,343964,1477528208.0,UTC
534,flippityfloppityfloo,207030,95817,1252240845.0,UTC
535,bobeschism,24052,27904,1417789077.0,UTC
536,Kazan,0,0,0.0,UTC
537,zw1,3237,8548,1384047546.0,UTC
538,Remarkable-Forever79,2904,39065,1627506270.0,UTC
539,Rockky67,48306,12136,1460955814.0,UTC
540,Creams0da,10412,413261,1404430034.0,UTC
541,CONANnCA,-14,32,1596073733.0,UTC
542,cowcomrade1,57,392,1527350702.0,UTC
543,benjancewicz,125083,249239,1210994410.0,UTC
544,martha_jackson,0,0,0.0,UTC
545,Alarming_Turnover_69,373,677,1595812578.0,UTC
546,GGB_alltime,76,406,1714253359.0,UTC
547,johnny1tap_01,48,144,1689345061.0,UTC
548,Mackelowsky,4133,408961,1553586933.0,UTC
549,hymom,789,5516,1446353723.0,UTC
550,GoMx808-0,25832,1283312,1610970870.0,UTC
551,flybicki,1100,2614,1395861219.0,UTC
552,SIThereAndThere,0,0,0.0,UTC
553,RevolutionaryNewt710,12,183,1705126086.0,UTC
554,TastyPandaaa,28,6459,1509959535.0,UTC
555,tvr190,53507,62575,1455351473.0,UTC
556,Ui_ui_sexo_sexoo,1640,5083,1580609127.0,UTC
557,Millennialgurupu,947,346,1582108060.0,UTC
558,dnindza,0,0,0.0,UTC
559,Panzerwagen-VI-Tiger,0,0,0.0,UTC
560,justhere4fun2020,7255,25078,1596906935.0,UTC
561,LivingOutOfSpite9,3218,34989,1681160570.0,UTC
562,CLUTCHLICIOUS,4761,47904,1429237265.0,UTC
563,nakul707,17130,179803,1455000905.0,UTC
564,mikebuba,4045,3579,1611582565.0,UTC
565,Prestigious_Ask6446,0,0,0.0,UTC
566,youngfool999,5444,10551,1467115029.0,UTC
567,Apricot-Rose,33028,86418,1632544414.0,UTC
568,SoftTechnology4,826,10255,1591107463.0,UTC
569,nytled,538,4688,1397547304.0,UTC
570,Face2FaceRecs,298582,706431,1502050882.0,UTC
571,ANOORY_XI,1405,10486,1636146314.0,UTC
572,Expensive_Town9995,65,3,1609919822.0,UTC
573,Cirrus1920,214912,69636,1509161688.0,UTC
574,mycall81,5040,2356,1718222746.0,UTC
575,Djunlimted,67,3247,1605196036.0,UTC
576,_LuLee,12,11,1699291772.0,UTC
577,hajpristes,3212,2415,1539113394.0,UTC
578,NewRCTID22,372411,115496,1480982631.0,UTC
579,KellyfromLeedsUK,1886,117376,1460309676.0,UTC
580,Dr_Dri_21122012,7186,2898,1486283519.0,UTC
581,mom0nga,140064,434116,1361818393.0,UTC
582,GemmaJ123,4052,74093,1453122855.0,UTC
583,OkRecognition791,2473,513,1618868407.0,UTC
584,waitingforthesun92,87427,957849,1620195124.0,UTC
585,Ikes38,1700,16378,1706919199.0,UTC
586,thehimalayanviews,9138,121562,1663765373.0,UTC
587,SirioBombas,27010,578,1548011005.0,UTC
588,Money_killer,91715,2143,1460898367.0,UTC
589,Fresh-Heat7944,7746,70554,1709722883.0,UTC
590,mGlacius,195,46,1394965797.0,UTC
591,aFluffyPie,12937,28221,1671587774.0,UTC
592,PRT1975,53,5,1612209516.0,UTC
593,guguan,162,569,1573320203.0,UTC
594,Valuable-Car4226,6986,2874,1602367641.0,UTC
595,pistolpeteza,7225,1896,1275313089.0,UTC
596,kcgrove,89,436,1365619240.0,UTC
597,ConscriptReports,99381,38482,1585212301.0,UTC
598,mega4042,8363,17227,1555629614.0,UTC
599,Large-Ad8031,2042,2315,1737422271.0,UTC
600,agnclay,7406,106338,1638426826.0,UTC
601,Brilliant_Ad2120,8065,595,1614709254.0,UTC
602,TheMoneyCog,6,142,1627049699.0,UTC
603,Skr50,2615,41857,1375238375.0,UTC
604,Serious_Mammoth_4670,12028,5320,1657656413.0,UTC
605,socialbanner,11,3626,1220395611.0,UTC
606,CommercialHunt9068,1221,324,1629876823.0,UTC
607,vodenicaar,0,0,0.0,UTC
608,Jagtom83,36715,438231,1548890287.0,UTC
609,King_of_Anything,15532,6185,1428260861.0,UTC
610,danfoss5000,13259,9022,1344724597.0,UTC
611,EconomyGuy,0,0,0.0,UTC
612,Searching1219,18,15,1630277449.0,UTC
613,Hive_Tyrant7,26139,5359,1347786195.0,UTC
614,OkCaterpillar3465,1193,71,1645606225.0,UTC
615,overpopyoulater,0,0,0.0,UTC
616,elongated_smiley,49411,38462,1387874343.0,UTC
617,Capitao_Nescau,6233,59900,1720658597.0,UTC
618,Extension_Cheek_2403,11,2,1671277730.0,UTC
619,Jordyy_yy,14553,108663,1721315993.0,UTC
620,Upset-Abalone-3099,142,7,1623560342.0,UTC
621,tobotic,222757,40479,1519094206.0,UTC
622,reamde,10820,23328,1320388100.0,UTC
623,Eat_the_Rich1789,310516,73651,1667672145.0,UTC
624,EmeraldPls,31619,4802,1463378500.0,UTC
625,crnjaz,287946,20579,1420994672.0,UTC
626,Over_Addition_9784,998,805,1598439867.0,UTC
627,47HollywoodHills,1673,7934,1454871201.0,UTC
628,AutoNewspaperAdmin,1,319546,1477723408.0,UTC
629,redaus,2151,1398,1389955057.0,UTC
630,irriducibili9,404,1087,1629734701.0,UTC
631,taj14,6563,44327,1468248897.0,UTC
632,Elevatedspiral,27705,311027,1652630167.0,UTC
633,Material-Manager-121,2717,7822,1594494974.0,UTC
634,JB92103,308672,639298,1577494291.0,UTC
635,a1kron_,443,18136,1615660408.0,UTC
636,johnking_22,-2,27,1666082752.0,UTC
637,pressinformant,0,336,1629389586.0,UTC
638,SmythOSInfo,549,9467,1720599146.0,UTC
639,SoughtDespair,6419,10646,1544604715.0,UTC
640,thinkingoftraveI,428,10407,1435680041.0,UTC
641,KaikyCBr,937,13139,1567876992.0,UTC
642,pedalhead666,163212,31482,1337799090.0,UTC
643,LuckyBdx4,0,0,0.0,UTC
644,EightRoundsRapid,35687,705759,1366119012.0,UTC
645,erldn123,1841054,240632,1434407336.0,UTC
646,Cup_of_Tea,596,2719,1268422444.0,UTC
647,rastawala,5,2778,1225209133.0,UTC
648,FinTecGeek,33531,47343,1611896193.0,UTC
649,HRJafael,58679,551564,1537851845.0,UTC
650,Cinderpath,52927,49870,1564170378.0,UTC
651,raggitty,0,4531,1464795965.0,UTC
652,Ada_Diamonds,18803,11325,1513367721.0,UTC
653,kingsey123,5732,695,1598051393.0,UTC
654,attackpattern100,3607,927,1465948349.0,UTC
655,peanut_dollar,751,133,1613689884.0,UTC
656,Caos2,116669,62950,1291628113.0,UTC
657,EpsteinResearch,18,109,1602608852.0,UTC
658,0piat3,121837,23523,1272849331.0,UTC
659,Valuable-Stick7745,3,1,1606119348.0,UTC
660,Buck-Nasty,317080,394497,1283027298.0,UTC
661,Repulsive-Ad5773,17,78,1636003797.0,UTC
662,POMBAPRETA,4268,6310,1649807436.0,UTC
663,CoffeeScheme,1617,1674,1532530603.0,UTC
664,trot-trot,49937,2808174,1171464715.0,UTC
665,DMHshadow,3237,15001,1335053741.0,UTC
666,cidadehoje,0,5461,1577897646.0,UTC
667,BoGaN223,5252,166010,1593481376.0,UTC
668,LuciferIlluminati,8736,184628,1554642582.0,UTC
669,HospitalOpening5666,49,29,1706840445.0,UTC
670,Expensive-Horse5538,119572,320447,1721526944.0,UTC
671,foadsf,0,0,0.0,UTC
672,Franzisquin,13454,24329,1629844604.0,UTC
673,MVelcro,110,1,1360202373.0,UTC
674,Nyhrox,726340,2138414,1485858455.0,UTC
675,nath1234,304210,606960,1252906068.0,UTC
676,Square-Upstairs1816,0,0,0.0,UTC
677,SirRandyMarsh,0,0,0.0,UTC
678,Monkeyfeng,394799,196385,1305546429.0,UTC
679,danbronson,51168,5649,1330067162.0,UTC
680,BunnyLovr,0,0,0.0,UTC
681,Faction_Chief,-10,16678,1434337132.0,UTC
682,ericyo007,1633,845,1422665899.0,UTC
683,Snazzy67,1074,55898,1306104326.0,UTC
684,VisualAdhesiveness83,408,324,1671267427.0,UTC
685,International-Two187,4205,3143,1607800947.0,UTC
686,numloxx,1038,6960,1404186650.0,UTC
687,Facu474,52190,66009,1385145765.0,UTC
688,amorimgustavo,888,18754,1362081057.0,UTC
689,-Koltira-,47021,12224,1696372706.0,UTC
690,Stock-Presentation63,-5,3,1607833394.0,UTC
691,todayisanarse,794,626,1535325861.0,UTC
692,fablewriter,3,1751,1582234474.0,UTC
693,No_Storm_7686,7363,973,1640718384.0,UTC
694,Munger87,2007,279,1617043900.0,UTC
695,carlosrudriguez,1870,1766,1663998221.0,UTC
696,Happy_Membership9497,3383,1608,1626387011.0,UTC
697,EnvironmentCareful71,606,1186,1655638325.0,UTC
698,yungjit3k,500,873,1677555364.0,UTC
699,xabak,15215,2230,1594370956.0,UTC
700,MarvelsGrantMan136,2728559,19374460,1593010930.0,UTC
701,jrbill1991,71199,29926,1452551056.0,UTC
702,CagedInOrbit,1653,5303,1355236428.0,UTC
703,Imagineti,21,1949,1197056080.0,UTC
704,Hiretyrdrant,25,60,1475042367.0,UTC
705,Next-Particular1476,1411,185156,1698940629.0,UTC
706,Rollo_Tomasi3000,14913,888502,1651518256.0,UTC
707,Geologo-Loko,68058,14885,1702601875.0,UTC
708,Due_Recognition_4008,0,468,1756202413.0,UTC
709,Protonautics,0,0,0.0,UTC
710,sour_creme,0,0,0.0,UTC
711,NGSpy,4075,8897,1528160153.0,UTC
712,N3Wm3r1c,29799,7224,1390055347.0,UTC
713,AutoModerator,1000,1000,1325741068.0,UTC
714,HD7108,1578,16909,1666358818.0,UTC
715,MasterConflict97,103707,53368,1684461779.0,UTC
716,Special-Chipmunk8166,17605,241678,1678891092.0,UTC
717,Outrageous_Dress_142,0,0,0.0,UTC
718,Ser_Nikolaus,147415,82546,1587486332.0,UTC
719,Writher_inthedark,55146,49763,1695126677.0,UTC
720,danieldeubank,343,2592,1609079567.0,UTC
721,Mutated_Cunt,0,0,0.0,UTC
722,ronnie1211,0,0,0.0,UTC
723,youngballer,5115,888,1304881141.0,UTC
724,OkLifeguard3103,-7,1,1690709316.0,UTC
725,zsmithworks,55,12960,1513624196.0,UTC
726,My_black_kitty_cat,21001,121482,1712967415.0,UTC
727,Accomplished-Soft644,6,139,1747875895.0,UTC
728,3rdslip,35458,4918,1590398123.0,UTC
729,Ok_Remove2696,14019,37877,1718299785.0,UTC
730,bunker_128,1415,3519,1347638649.0,UTC
731,sparkled3mon,626,391,1557288172.0,UTC
732,aleksdzek,64882,22962,1528014324.0,UTC
733,Key-Lawfulness-2963,74,649,1722860510.0,UTC
734,BlueArchiveMod,285,22143,1638174038.0,UTC
735,Michael-S-Carter,26,446,1692011910.0,UTC
736,Billyfudpucker,4300,1065,1589965306.0,UTC
737,InflationNo1538,1216,2,1597243032.0,UTC
738,dilligaftheinvisible,3535,3952,1603551751.0,UTC
739,marketrent,395552,2927272,1657248141.0,UTC
740,TMP10,1165,83,1277713687.0,UTC
741,DCruz_BFC,603,190,1598263036.0,UTC
742,insanebuddy09,198,25314,1756031422.0,UTC
743,prizd,5895,29587,1650848877.0,UTC
744,yurajurik,0,0,0.0,UTC
745,rrmdp,623,4363,1629559159.0,UTC
746,pennepasta11,14,10,1570411921.0,UTC
747,mardale11,0,1,1571841721.0,UTC
748,moskayjoh,1295,858335,1588858305.0,UTC
749,KonekoBot,11,402,1613578647.0,UTC
750,james_fest,2408,12516,1460905776.0,UTC
751,mick_daboss,383,384,1548228438.0,UTC
752,coolbern,44505,938680,1285162001.0,UTC
753,irondeepbicycle,135482,24763,1325977003.0,UTC
754,BigMiningShill,6,20,1571775124.0,UTC
755,silence7,265707,1330306,1183149420.0,UTC
756,DadCelo,95031,37244,1491869494.0,UTC
757,Lyd_Euh,715614,526485,1387952884.0,UTC
758,Outrageous_Coffee774,209,382,1623378945.0,UTC
759,paradigm_post_prod,40,743,1486924892.0,UTC
760,madsforrell,129,206,1489524175.0,UTC
761,iBalls,22000,50949,1212664836.0,UTC
762,0BigBadWolf0,43225,5356,1385559697.0,UTC
763,cylon56,7179,11485,1362148171.0,UTC
764,Maxim_Sherstobitov,675,5555,1503025758.0,UTC
765,Then_Marionberry_259,1681,13829,1616095263.0,UTC
766,Professional_Disk131,49,2525,1667849322.0,UTC
767,sunshine_32,612,2640,1553135064.0,UTC
768,ClearLynx3200,4,20,1680204368.0,UTC
769,copacetic51,68651,72157,1577837103.0,UTC
770,ZeGermanVon,234548,73616,1300634282.0,UTC
771,sco-go,18313,4052771,1618793053.0,UTC
772,ReverryGerrard8,5500,21115,1666898117.0,UTC
773,freezeontheway,10426,10343,1501626774.0,UTC
774,Ok_Quail9760,0,0,0.0,UTC
775,catsmustdie,182719,144111,1361760453.0,UTC
776,antoniocesarm,11564,26003,1441142119.0,UTC
777,ananas010,303,633,1647745640.0,UTC
778,londonistani,0,0,0.0,UTC
779,Complete_Woodsman,280,11506,1596673959.0,UTC
780,faizimam,136418,83646,1342454438.0,UTC
781,70Ytterbium,14020,13313,1641742757.0,UTC
782,ellixin,13800,7998,1507966934.0,UTC
783,BoardBackground7439,0,2,1646037463.0,UTC
784,Tranarchist___,62,405,1661094874.0,UTC
785,airplane231,3255,88351,1740646756.0,UTC
786,MTL_Dude666,15247,3427,1731859046.0,UTC
787,bogz_dev,101615,25281,1698288789.0,UTC
788,EL_Ruca,6,20,1555859577.0,UTC
789,Beskevon,170,239,1491867608.0,UTC
790,pleasestandup-,147,30,1724600791.0,UTC
791,zarigia,6753,2273,1211862075.0,UTC
792,terrortot,10028,31159,1181571541.0,UTC
793,Odd-Alternative9372,104786,356763,1613703042.0,UTC
794,swride,148,2448,1328721835.0,UTC
795,pretinho-da-zo,17852,9046,1749853964.0,UTC
